Time,SM,TMP,P,LST,NDVI,refET
2003-01-01,1.2109926572302967,0.9742621595730707,1.0038897039090278,0.9109734401356837,1.0372309978323233,0.9243391241578732
2003-01-11,1.0609431376650225,0.9803448897811394,1.381147945649908,0.9826325144763159,1.0496270577175835,0.9643261373964858
2003-01-21,1.1346669497656177,1.0106297455814255,0.9063649598076604,0.9653433051732253,1.049675555584953,0.9889776967031869
2003-02-01,0.9589911001412198,1.031496809992193,0.574619870454271,1.0063850360095417,1.039067487175617,1.0452132260494473
2003-02-11,0.9229608755580216,1.0437490470550437,0.5202421482737506,0.9991695037558298,1.0236180872328933,1.0354536299448536
2003-02-21,0.9445473376159841,0.9974027281768246,0.835159373390255,0.9677965381477691,1.0080104915684842,0.9682671641607588
2003-03-01,0.9547240974362292,1.0185025354146806,0.5997673288836841,1.069604754955852,0.9925076411101914,1.0567537989821851
2003-03-11,0.8966934133868462,1.036371340048195,0.7695323588217178,1.0280106394824808,0.978028708291819,1.0693256848237571
2003-03-21,1.0118632972443928,1.0013402309582404,1.0107827378896772,0.9956392589344863,0.9646830951053174,0.9693870550081033
2003-04-01,0.8487164750778616,1.087859170411808,0.24807243967745754,1.163180540726275,0.9558765298732911,1.28745076421146
2003-04-11,0.9309148082655164,0.9994608130464314,1.4029715851821114,1.0687879190383318,0.9573533132612909,0.9788172697468676
2003-04-21,1.1486137440650532,0.9531602998362629,1.8619741135787828,0.9565087652552576,0.9736812449738671,0.8560929892694018
2003-05-01,1.012498312965638,1.0071968947466812,0.7217293439524102,0.9922154971019724,0.995930215717779,1.0187632191282805
2003-05-11,1.031528487757892,1.0173839484663332,1.0410008880739365,1.0168901594837205,1.0095836739179243,1.0384242607333811
2003-05-21,1.014797400690947,1.011520524113255,1.1314986898698212,1.023491508471589,1.0173080958525524,0.986552489228339
2003-06-01,1.1173552431839315,1.0093050234807797,1.817331741035991,0.9563238091945981,1.0228372099382241,0.9856956001782038
2003-06-11,1.1062842387275418,0.9854402063250816,1.0204675576907647,0.9492572290756665,1.027886751147763,1.0010803620226922
2003-06-21,1.0083518402803506,0.9617234356286571,0.9097623261489992,0.9622347405592222,1.0304220822210648,0.9502948123946052
2003-07-01,1.04706003145912,0.9669702016715073,1.1845043422589683,0.9593518777691737,1.0304732709966198,0.939183343232156
2003-07-11,1.0123900957434342,0.9990018738661076,1.1751528213304625,0.9501942364108475,1.02731175236704,1.0042211819308733
2003-07-21,1.031226385191352,1.0033799629461781,1.0768029520577311,0.9850493438710871,1.0249602704369551,1.0056400753685766
2003-08-01,1.0001712512282983,0.977549262400549,0.8071982838142856,0.9426003399960018,1.0246347886170524,0.9667195161432877
2003-08-11,1.0153035650492455,0.9803237210956769,1.2598125048624649,0.98059597554393,1.0259248053578176,0.9115094584039911
2003-08-21,1.0627847881234829,0.9893531140398197,1.2093511855933115,0.954815363630121,1.0260455795920878,0.9536526080074146
2003-09-01,1.0596006895437158,0.9878410084841324,0.9500028593857218,0.9455798060618008,1.021933325164259,0.9720352722277876
2003-09-11,0.9958372451853126,1.0090389067483556,0.6442274215684027,1.0180460484416867,1.013632896880988,1.0395109551801511
2003-09-21,0.9329589833545405,1.0088484793250805,0.7846740580619138,0.9888633712436928,0.9994870637102342,1.046054025716136
2003-10-01,0.8371890522276036,1.0074106722930445,0.41656874439952885,1.055510214014497,0.9848057334427774,1.073286442501912
2003-10-11,0.9473915925539821,1.038845257601304,0.7147086742166956,1.0568129856301547,0.9674166646444513,1.1199176578891012
2003-10-21,0.8572341387513119,1.0578699556001558,0.4741755896468603,1.1109875781241152,0.9508278161877938,1.2319439431444628
2003-11-01,0.813449611682737,1.0271968993427316,0.7916395337895922,1.092328000980787,0.9379502715812391,1.0655181519786017
2003-11-11,0.887236222704861,1.0250086787861958,0.6107537086931426,1.0931454093268917,0.9347679154510592,1.0394902168008076
2003-11-21,0.8533339423366956,1.017528545531763,1.2520124187092083,1.088866543343511,0.9425742490127375,0.9791554770586958
2003-12-01,1.220692550641906,0.9939940847620561,3.027305927374093,0.9352523277283633,0.962920652588971,0.8299397288016002
2003-12-11,1.1955852147259458,1.0111468296128592,1.2065358935681327,0.981159369718186,0.9874688327974892,0.9500330782813455
2003-12-21,1.0433384153994583,1.0288264123440798,1.319984425894307,1.0286606593776972,1.0082358411269643,1.0071746258879595
2004-01-01,0.9430472856921969,1.0227823006599055,1.5499610798503,1.009053226969946,1.0202201636159862,1.014845547169684
2004-01-11,1.1485803921759252,0.9800658714520498,3.539007567946704,0.9096348865715961,1.0325862284512766,0.8712160290480246
2004-01-21,1.3114255272010256,0.9841070729274376,2.971979559610695,0.8888963069724293,1.0441638222585254,0.8561020920298366
2004-02-01,1.2960785714215162,0.8702040154867857,1.3593718233374388,0.8671721915023494,1.051429971694302,0.8178922234312183
2004-02-11,1.1096255297670663,0.9419768604228392,0.794213493322644,1.0207623021035186,1.0471941221293757,0.981013393734374
2004-02-21,0.9921585697831927,0.9396725393146942,0.5110541804098273,1.0189465145977934,1.0294078578283907,1.075402876447895
2004-03-01,0.8673427688749521,1.0423571206751192,0.7587096404738574,1.034362539675936,1.0041500035736097,1.0257372597048928
2004-03-11,0.9510522668532323,1.0097370650538857,0.8320723723037651,0.972536682644789,0.9833638181065415,0.9319754180603376
2004-03-21,0.86340239016665,1.0462926592345094,0.6985852673157512,1.0726654711981924,0.9813101135701067,1.0564761418664232
2004-04-01,1.2007215905648085,0.8788892343848803,1.7172463360576713,0.9026027889683982,1.001125095901424,0.7735332886430484
2004-04-11,1.1733023464836854,0.9006995372592473,1.3530870159488795,0.8908353177531827,1.0281485571450126,0.8681002290022976
2004-04-21,1.0536520528557836,0.9829955322922534,0.7132198255918724,0.9766533876805576,1.0412980285622768,1.081425597790732
2004-05-01,1.02671446887882,1.0359739114528186,0.7200064206129868,1.002478396790317,1.030642859124295,1.10526263206481
2004-05-11,0.8401411128500528,1.0761376542356906,0.36604508076409087,1.057618638109311,1.009424750747849,1.2190509767245385
2004-05-21,0.7707793190292043,1.0207015431905013,0.5753145526350322,1.038181741776434,0.9863048062932047,1.129628716202175
2004-06-01,0.8956261571078075,1.0093263883782186,0.7792669704494894,1.0083746734549468,0.9736851491685239,1.040094713128643
2004-06-11,0.8592097953818549,1.0138792787743611,0.8207726636148645,1.0504465565379304,0.9710069061492926,1.0495845367972159
2004-06-21,0.9384033142781125,1.0201154752663033,0.93996743405641,1.039573550987254,0.9768997132359863,1.082930245525542
2004-07-01,0.8832530046114405,1.0275946690078461,0.7102314483077936,1.0476739286211891,0.9859228214857152,1.0723913651176236
2004-07-11,0.9232586588413625,1.0162262612726882,1.16590511430952,1.0535420923709924,0.9920318145213363,1.0357070703515119
2004-07-21,0.9733841464777562,1.0324128330273556,1.0659856783031376,1.0297661553224922,0.9957186929688573,1.0389891297239218
2004-08-01,1.0262591987815446,0.9956124848752772,1.2260406493940983,1.0241191153844271,0.9972732543492784,0.9985436461063462
2004-08-11,1.0553150904336177,1.0164411794096606,1.1564607191885048,1.0321793242335697,0.9960466609818005,1.0446924883916602
2004-08-21,0.9719675418155499,1.0220210179578664,0.8664560543075045,0.998638356154334,0.9925334299497052,1.0552545324184242
2004-09-01,0.9989445394092423,1.0197370977627613,1.0527927661597896,1.0382035364837845,0.988123079074738,1.042913575585844
2004-09-11,0.961862961154263,0.9976464209169571,1.0399959803815224,1.0100244589279244,0.9847177236690816,1.0448670019246185
2004-09-21,1.0356320430654458,0.9822731100474987,1.1263183964711447,0.9973507898999208,0.9866076396907553,0.9593538380931683
2004-10-01,0.9774438267752773,0.9933289639694426,0.7841880406534666,0.9967770206400194,0.993521167633419,0.9985939287051565
2004-10-11,1.1055213041321974,0.9729901068903161,1.3472124815583242,0.9944240898631145,1.0019777285479534,0.9419015677239735
2004-10-21,0.9377138149438669,1.0204897476516137,0.9417114463478664,1.0623004217574996,1.0060613480145644,1.0676811495010412
2004-11-01,0.9980732015527464,1.0046529951277643,0.9543031568114398,0.9947780252833973,1.0062821386070322,0.9979562257631438
2004-11-11,0.8962365128946375,1.0079461074089255,1.0125901673108577,1.0101880464130366,1.0047995897391782,0.97760793408919
2004-11-21,1.1801945637150115,0.9678169972793973,1.7160759234904326,0.9527887156581539,1.0054293079057401,0.920040576042486
2004-12-01,0.9935544750381111,0.9899688491974683,0.5858731905258966,0.9893607655187271,1.0050744974560593,0.9776731792336777
2004-12-11,0.9832597339970098,1.0252324952503282,1.0268761533766777,0.9819762381199437,1.0009204317766913,0.9875960574170731
2004-12-21,1.062527614643744,0.9776916723577475,1.3691912521796659,0.94503009857717,0.9966618708322819,0.9314568891862437
2005-01-01,1.0176971912908916,1.0250784395743904,1.073578894180604,1.061757562597353,0.9910460176667454,0.9912394387372415
2005-01-11,0.9855103691070486,1.0178610840927083,0.7618354356599826,0.9655326498431541,0.9912002759082922,0.9819740454179562
2005-01-21,1.0177375882245185,1.0009457239261976,1.5327059994224737,0.9923807678090071,0.9927946490078454,0.9102376283889545
2005-02-01,1.0736095691290424,1.0051386934609174,0.5302967774226219,1.0125079744112748,0.9950526264954549,1.0326431089305261
2005-02-11,0.9550726534579306,1.007324921245489,0.5340522910335315,1.02810088665621,0.9966236131059745,1.1073724161842715
2005-02-21,0.9088572133600225,1.0539154301808151,0.914766802473747,1.0701743145510714,1.0025926808667376,0.9918802429647444
2005-03-01,1.2527837247994962,0.9488771477490202,1.9272459143767668,0.879662212946595,1.0111308049456988,0.8431273797501296
2005-03-11,1.1380740311001256,0.9516789545296762,1.287625391465323,0.9212285386630135,1.0153658822172116,0.878644469078072
2005-03-21,1.0393059372064357,1.0432796898704564,0.5332328652871358,1.0662552176631552,1.0062593630722825,1.1242955581172895
2005-04-01,0.6976994354918051,1.0999713041196146,0.3255454079478893,1.182799876154752,0.9828245236063807,1.2678493573544178
2005-04-11,0.8013127940509498,1.0227877925243087,0.7315284550139097,1.0531423481974733,0.9588872108437108,1.1303708212902535
2005-04-21,0.9753844838148096,0.9176651558140254,1.5337075868447745,0.972716605306379,0.9541226440489241,0.8574420219876847
2005-05-01,1.1390656992932993,0.9741957626751667,1.9077601369821515,0.9455711563861154,0.9733261933820638,0.8280959142662726
2005-05-11,1.0618343272193906,0.9851659813384719,1.1218045088282753,0.9488969197602605,1.0039994391739773,0.9144557787840987
2005-05-21,1.1715562206864436,0.9543156852556655,1.7127584057582734,0.9277827961084544,1.0302242446444272,0.8127782751007645
2005-06-01,1.1726772630271889,0.9576266865970711,0.9826983325998815,0.9364869425637773,1.0477869961424828,0.8929422624949658
2005-06-11,1.0626729437908768,1.0008297135896531,0.8502391639912941,0.9372752524781163,1.0530752311361848,0.9644341710851999
2005-06-21,1.0356626017616732,0.9969551663255051,0.9047534421791797,0.9213551504167586,1.0491317767565407,0.9394394047670275
2005-07-01,1.0246719037945615,0.9736351344992995,1.0280124100853845,0.9438194787239446,1.0394130754188178,0.9430404524187687
2005-07-11,1.0232550823985567,0.9849439684930849,0.9503039159027213,0.9543585737901702,1.0302153628911788,0.9476719144676486
2005-07-21,1.0326734260321493,0.9965367211148896,0.8386579962498001,0.9577419294024672,1.0228885888624029,0.973969588341992
2005-08-01,0.9717082623973425,1.00142154287949,0.7032111865360995,0.9697324792779287,1.0187216911488919,1.0221776086220107
2005-08-11,0.9965048530915851,0.9983833840460956,0.7954233676145959,0.9771230306697969,1.0150249467394303,1.0095679083448592
2005-08-21,0.985382914882274,1.0088510096803052,0.8312214579448614,1.0372029302161587,1.0106681874542387,1.0890913859631635
2005-09-01,0.9465423939613542,1.0021126598137018,1.0693156642719621,1.0134512380741894,1.0043551374548458,1.0181785607203417
2005-09-11,1.0181109600048701,0.961970554410671,0.8787816493136694,0.9850798052862092,0.9986925318590436,0.9451844102713275
2005-09-21,0.899275284968286,1.0120316496216342,1.071346657739857,1.0305678218418943,0.9940840885060696,1.0749684115021407
2005-10-01,1.0178411763097497,0.9951045799497349,0.7109778397283825,0.9748943979693165,0.9895937405171182,1.045864891896446
2005-10-11,0.9806032120507846,0.9999199945857034,0.6527092576856882,1.029305672980214,0.9856164339168503,1.0408788057377045
2005-10-21,0.9094434613313105,1.0058142334520084,0.661851456381692,1.0278994904632544,0.978835064799166,1.0538376951812825
2005-11-01,0.9059302857946981,1.0547984995514819,0.4126480639257885,1.1180412286307344,0.9746188137650458,1.135259194391806
2005-11-11,0.8852993798582776,0.9868593476859647,1.4491288517176166,1.0411259305625002,0.9697760545278898,0.9736781804067692
2005-11-21,1.0415291175111143,1.0048307074793077,0.5850009439802796,1.0526762847894884,0.9672090937393576,1.1741188073131286
2005-12-01,0.8603575931769056,1.0181280453360835,0.2593809827506699,1.0708184264805076,0.9615600328166684,1.1287744558541828
2005-12-11,0.8929740920376424,1.0344808194606643,0.5359472827195549,1.110069701897685,0.9593908027094448,1.149168053124206
2005-12-21,0.8975514907609737,1.0183715360549905,0.5723600390311162,1.0985624133302339,0.960336899659587,1.128898360694483
2006-01-01,0.9073994747916985,1.0028012227674619,0.8810621897917896,1.0260202922308663,0.9630447834875386,1.047924512134094
2006-01-11,0.928512496831065,1.0265837518399805,0.6841107004921059,1.0243857063094557,0.9704000333377358,1.064611421792938
2006-01-21,0.9632003587744242,1.0050105595641787,0.5399768010805603,1.0630536965705262,0.9792545787828186,1.0456573498319397
2006-02-01,0.9327380157986993,1.0355091700760506,0.49598473519279307,1.0134679891175729,0.9869687976227175,1.0695650640603422
2006-02-11,0.9081289764634551,1.031959558066826,2.07922966189643,0.995672039870591,0.9951575217413549,0.9625528465287692
2006-02-21,1.2403739910255647,0.9646119335704398,2.8645810495325637,0.87113511395468,1.0062126119382677,0.7923505128540275
2006-03-01,1.107587992787607,0.9979208282216387,0.6475221640981006,0.9644666195730497,1.0206948882857811,0.9310100527505825
2006-03-11,1.1401976309836563,0.9611097406784112,1.4375377138663055,0.8829977220599852,1.037045277793445,0.8813464883525907
2006-03-21,1.1800607624331205,0.974010018714698,1.5828294628825355,0.9376703930840858,1.0502041112714908,0.9497774831627122
2006-04-01,1.2725360769524754,0.9325389076975751,2.1064486948994823,0.8499668671023773,1.05768488147695,0.7900911306255893
2006-04-11,0.9704944773544391,1.0184485861021377,0.7012306328556789,1.006629296438656,1.056659926918323,1.0604483005949124
2006-04-21,1.071236292592791,1.0005467211022971,0.8637763841889562,0.9399244352805542,1.0450023214003485,0.946934893238826
2006-05-01,0.9735517644935208,0.9910506481568268,0.6316517068432499,0.9879544732150672,1.0283867719939013,1.0345964367408742
2006-05-11,0.9656662136036082,0.9980385279674101,0.9656253488750577,1.0052098010488633,1.0118691877244657,0.9651031799962495
2006-05-21,1.0068817700994763,1.020481514636206,0.5659594530137413,1.0339348486970041,0.999149780598097,1.0116097677585296
2006-06-01,0.9097955677602717,1.0038024070646974,0.8125843147878827,1.0395203254570318,0.9870299852747255,1.0088148775334507
2006-06-11,1.015859139120883,1.0212029551978528,1.1884614304666536,1.0404340170230746,0.981652481930176,1.0345949582002993
2006-06-21,0.9576799051831331,1.0349278869077998,0.8285157117492077,1.065446874205685,0.9771874546081241,1.0426880255402096
2006-07-01,0.9221225472158784,1.006633437248608,0.8496004078584588,1.066584731857113,0.972938174776199,0.9879134250945252
2006-07-11,0.9305208104802788,1.0097291197704428,0.7188429063801719,1.0457896498586428,0.9689967133758705,1.0379460106928573
2006-07-21,0.9430589112989153,0.9903558366769242,0.844394974954851,1.0418110109526115,0.9663179895397729,0.9948436580774961
2006-08-01,0.9964661979393912,0.9695039094026165,0.9609315789111792,1.0367167435512432,0.9675875451741454,0.9152456725283324
2006-08-11,0.9878680774752734,0.9840724620047857,0.895322828982159,1.0288507977224677,0.9731171548663885,1.0248979241944567
2006-08-21,0.939378956048529,1.019408479838864,0.9463264271932208,1.0181174174294696,0.9805869216244659,1.0528243864077698
2006-09-01,0.9048641608032814,0.9713990464558517,0.7420605445203472,1.0146892074780092,0.9817863433382332,1.007267816246617
2006-09-11,0.8780712110420311,1.01021591427807,0.93754562817337,1.0325504197500908,0.9791144612875385,1.031590312582284
2006-09-21,0.9997863245181291,1.0093329696599973,0.811704128595055,1.047250336230505,0.9757858682285178,1.0548764894284937
2006-10-01,0.9631137545092717,1.0436286209025074,0.7951187725814955,1.0315257063091188,0.9763480813551862,1.0584045477123347
2006-10-11,0.8906134888141347,1.006972124486104,1.3581311771917408,0.9765936975480917,0.9827311034706145,0.976581628933573
2006-10-21,1.2077614368587568,0.9562368201731474,2.5095483591888024,0.8896577625391268,0.9955118027934905,0.8316041119836654
2006-11-01,1.0805769773067129,1.0071224612996788,0.5373048078145419,0.9793664174161966,1.0097130532479315,1.0421988310265524
2006-11-11,1.0668954018481807,0.9948832533684905,1.1405332760359006,0.9601271966982015,1.0224589564254423,0.9497871218437121
2006-11-21,1.1329531587547021,1.0027754652643865,1.593513106490195,0.9656481090498488,1.035159287389158,0.9740286398355995
2006-12-01,1.2711765597389475,0.9568856052339102,3.5891211313077154,0.8376507384939467,1.0489345158864303,0.861849791043963
2006-12-11,1.1691872531025793,0.9912591290419647,0.99925497062851,0.9197825186534546,1.0576645492723524,0.9449129650748397
2006-12-21,1.0443119397077625,0.9900782281407636,1.163444665851666,0.9186021291231243,1.05801318822291,0.9222933044869035
2007-01-01,0.9873665602912294,0.9668501014893629,0.6829130095950531,0.971891585394339,1.0479275018950782,0.9873879684722567
2007-01-11,0.9534408219164155,1.0011307888930863,0.8121227983745953,1.0129833390305345,1.0346377842264962,1.0084837391773955
2007-01-21,0.887889000441768,0.9849545869079662,0.7188547765605664,0.9705457165057001,1.0219473703551747,0.9758375028536076
2007-02-01,1.1307276025229342,0.9781872011896382,1.8841566526067108,0.9718846732775965,1.0123820801159231,0.9139997901411095
2007-02-11,1.0111712975348566,0.9972375493224733,0.5237224208598317,1.002882148174015,1.0035772531015281,0.9911764960235797
2007-02-21,0.9671131184633405,1.0272830270406437,0.6555544006587852,1.0088283399945472,0.9928185119009,0.9666185862451626
2007-03-01,0.8657149010990574,1.0385411585211137,0.5335783394515445,1.0860045999822958,0.9838522206537857,1.0941210003531834
2007-03-11,0.8325162002039342,1.0460178772902513,1.1911380329310326,1.1087286347828955,0.9774327482910231,1.0747145144504644
2007-03-21,1.0977100384418217,0.9781084391939763,0.615646755206632,0.9495243166937104,0.9760774647197047,1.0033031682612958
2007-04-01,0.8110345356110912,1.042092154498561,0.3823463673026749,1.0602532107933833,0.9825906714290918,1.1704963362794574
2007-04-11,1.0672702536773373,0.9689641011590376,1.7256989348199199,0.9965245468158029,0.9922966956626111,0.9094600410435831
2007-04-21,0.9678697724350078,1.0343899932572704,0.5303980368935071,1.0280409409653897,0.9987331376646538,1.1683606221466674
2007-05-01,0.8729927524319903,1.0383573064849954,0.46664886146355516,1.0427301661060115,0.9952636477314456,1.1285809415024899
2007-05-11,0.9083876698059776,1.0175475396854803,1.1711362412954756,1.0536927575124384,0.987726286580913,1.0370963560732525
2007-05-21,0.964538327281192,1.0000951940495393,1.0993454013585584,1.0116400696714065,0.9853708474486754,0.9991071391187636
2007-06-01,1.1283402727535652,0.9932329264821488,1.4366997422663417,0.9692101599108001,0.9910165363308916,0.9654053943108355
2007-06-11,1.0966402666095267,0.9949717506311087,1.55167413761739,0.9848093744042803,0.998557843740324,0.9740142132679591
2007-06-21,1.0718808620866258,0.9697880705508649,1.1595987647181425,1.017417788414666,1.0040891345618608,0.9233138330981376
2007-07-01,1.057371563933728,0.9722982062420031,1.0293964661734818,0.9882760433907796,1.0078793981666034,0.953486665257578
2007-07-11,0.961604172433329,0.9967911340972756,0.5916560133504363,1.0336598016664817,1.0081621205595048,1.0506509128766677
2007-07-21,0.9496953369046481,1.0021078428746288,1.2329398750237057,1.0011959066061382,1.007454855563739,0.9841519915706272
2007-08-01,1.1272884041096347,0.9820573534052398,1.2016006991066897,0.9534458025138441,1.0073025463088718,0.9673127692100991
2007-08-11,1.0376907426231363,0.9700630702880506,1.0831303781622326,0.9457620922274239,1.008631591549081,0.9257768697823006
2007-08-21,1.0739927080890694,0.9723964150867692,1.0264644358081079,0.9578521247540985,1.0107954858136485,0.9464838554601874
2007-09-01,1.0314786081511835,0.9840207074934441,1.2784967898763644,0.9533751425424123,1.019580556742568,0.9106349859167687
2007-09-11,1.1026401913806905,0.9759906751976647,1.3071961543782418,0.946144468821004,1.030493435857939,0.9071776395333159
2007-09-21,1.1502431468956453,0.9766671671792132,1.7114259759738049,0.955556718539809,1.0391421352794796,0.9032762934651786
2007-10-01,1.143401916875311,0.9978403027119065,0.9584735485430491,0.9498321056428273,1.0410446832464355,1.0071093389264538
2007-10-11,0.9438073231130156,0.984360856672087,0.8429826477902648,0.9507536681213287,1.0318600940577907,0.9882172540092493
2007-10-21,1.000640682745694,1.0041049958896064,0.7016763032295237,0.9966430359058965,1.0198274319005716,1.0742046101664584
2007-11-01,0.9398115500609098,1.0151547076729317,1.1304815689592835,0.9930917641545898,1.0074031957294975,0.9702477755120612
2007-11-11,1.1147697378966115,0.9999572409894242,0.8842279191192085,1.0014399043309208,0.9960933975564153,1.0035483321517005
2007-11-21,0.910579733206147,1.0391878128611522,0.4720339881894992,1.0469286493201162,0.9822697516894817,1.0476816103718598
2007-12-01,0.8565131835408051,1.0365510990249591,0.29400246450057443,1.0619201001669079,0.9712766604373825,1.0659622844121004
2007-12-11,0.8949222707393063,1.0193231776431837,0.5183921381668313,1.0693472284335528,0.9657201134455611,1.0412013817270676
2007-12-21,0.9262332389629946,1.01552060461747,0.5395174426260022,1.0228854073843443,0.9677902587582532,1.0586733868928844
2008-01-01,0.9325848755363665,1.0319626666595718,0.6587600853799042,1.06115182737469,0.9716935525750084,1.0460362947646291
2008-01-11,0.9937573220317529,0.9921026735496252,1.019348034725855,0.9440535292569079,0.9807762403140086,0.9603989683969357
2008-01-21,1.0165728177558049,1.0127096889850786,0.48164821490350535,1.0741624266122365,0.9881581435299613,0.9961243115100116
2008-02-01,0.9571277589111794,0.9968200913979218,0.6332348028396222,0.9632249785238036,0.9928469077891984,0.9721450447353525
2008-02-11,0.9707532793004017,0.9973656864676348,0.5824347784946824,1.0021237543304282,0.9951295312259965,1.0140220906029662
2008-02-21,0.9510032934055807,0.9910467697143353,0.280464503089116,0.9972971253088314,0.9938670077571029,1.1121830511735666
2008-03-01,0.8654606133742972,0.99236206730532,0.38497496093391365,1.02060541890471,0.989973134332175,1.0230978188541626
2008-03-11,0.8646960320502836,1.0399175390681783,0.48108009906331045,1.0665138442177875,0.9823662144206781,1.026458505357415
2008-03-21,0.8873260741373983,1.0271734292282224,0.9244376368329427,1.0495706335761705,0.9760278933579304,1.0454582165071324
2008-04-01,0.9096178762372573,1.0198526730388313,0.786006589878816,1.0042414634923662,0.9766603558466577,1.0663863498773332
2008-04-11,1.048600341517594,0.9971091431187441,1.144428826865064,0.9779998975209815,0.9857595618934071,1.0125954125786996
2008-04-21,0.9912001144721063,0.9828237651723046,0.7966453249487272,0.9942437525003769,0.995902233913057,1.0780476144131617
2008-05-01,0.9685283655643308,0.9993667344121989,1.0447331906886788,1.011181053686855,1.0007472212094322,1.0241449828419116
2008-05-11,0.9845071988931036,0.9980202980615657,0.69981581741674,1.0197978585601837,0.996383252069455,1.03240199912223
2008-05-21,0.9023628426703696,1.010744442427083,0.8813932560733212,1.0168821581291283,0.9877679780231677,1.0431477968802418
2008-06-01,1.0338914458512416,0.9431376932450448,1.181420155691505,0.954570055234989,0.9823598602550763,0.9548142828562544
2008-06-11,0.9401146944765222,0.9452903101530855,0.7125582606747525,1.0046002063934605,0.98467180549994,1.0287344086171868
2008-06-21,0.9239496793323357,1.0140949800975734,0.8326347148153047,1.0546062817245905,0.9910503624976581,1.1208463848814978
2008-07-01,0.9753607048296609,1.036169742464444,1.464110825919049,1.0164528935254116,1.0004037630029425,1.0774569576311124
2008-07-11,1.1370846430746306,0.9557750474481316,1.2983270422303659,0.937953799959697,1.0005120427460013,0.9195042252964021
2008-07-21,0.9920215943276747,0.9603359249666191,0.9187781966972054,0.9875324813639759,0.9950978658688235,0.9629979691450723
2008-08-01,1.0242538788037876,1.0148725630743454,1.659190075126306,0.9919148565780785,0.9900787143392575,0.9844362152136489
2008-08-11,1.0802191545163793,0.9808290428357497,0.8755451107823873,0.9657800243757717,0.9901912212293871,0.932082068731013
2008-08-21,1.0089487883373942,1.0016019057695205,0.8564454789739379,1.0210186449823702,0.992826059922256,0.9836406554306446
2008-09-01,0.967891209254228,1.0346800799439453,0.923371897373575,1.0398803460247188,0.997244748297081,1.0168193153604248
2008-09-11,0.9877645418056965,1.0052217450841232,0.9036864665221972,1.0111239093311373,0.9957395225244559,0.9194893925784104
2008-09-21,1.0474601163411583,1.0176542562449757,1.0731126699782165,1.0046418988599595,0.9944735754629535,0.9442089312898877
2008-10-01,1.041860193204998,0.9841648351805751,1.2574256282088705,0.9936337855072207,0.9962802676920663,0.9293481858094291
2008-10-11,1.0684385361688262,1.0244736968901662,1.1809832376496268,1.009737713433783,1.003451010577514,1.0248387493779239
2008-10-21,1.114387370547357,0.9880671357306061,2.114522424992147,0.9473243710149052,1.0161952569295793,0.8757286255870673
2008-11-01,1.3275616399488546,0.953092022523324,2.2935811730579,0.8462954160905537,1.0280888494415603,0.7301088033939851
2008-11-11,1.1221513595956152,1.0102132685318614,0.22379687858906422,1.0088178031281674,1.0357867177448608,1.0285959651463545
2008-11-21,0.9259723927665131,1.0503972583371228,0.21350786195997282,1.0190324789196725,1.0323641880760142,1.022431423337853
2008-12-01,0.8810939209226578,0.9883725911510383,0.28511961084939685,1.0010389227809484,1.0219550810596625,0.9986302430535094
2008-12-11,0.9070569906048206,0.989928492119153,0.5158243341124028,1.042051602247135,1.0061002889126953,1.0134027849197602
2008-12-21,0.9398494566392529,1.0079724695667465,0.5700124620556064,1.0095753778182528,0.9947399417231937,1.0237482813997296
2009-01-01,0.9543658623203569,1.0231536308704905,0.7938734807987328,1.0329097824117792,0.9920493706232081,1.0465814631159465
2009-01-11,0.9262776001495372,1.0045964336734212,0.8756136106769551,0.9978237795080992,0.9971208857343997,0.9940901037877803
2009-01-21,1.1693190422897586,0.9368125201193749,3.2080955107817695,0.885168670967578,1.0074374499558634,0.8094888643141548
2009-02-01,1.1586022298034797,0.9857898777151474,0.7316990624232507,0.9881411622945571,1.0194676701235061,0.9921152982738384
2009-02-11,1.0616207983405088,0.9740254563444172,0.6599154138189535,0.955591580067664,1.0238229494706108,0.9765464679474863
2009-02-21,1.0212143445740642,1.0063413984487137,0.7796866233736183,0.9970861911615528,1.0187199287270312,0.9583134971264163
2009-03-01,0.9700500360813264,0.9785294844162723,0.6903239584045464,1.0420127260710412,1.0050822117441887,1.0259105830373545
2009-03-11,0.8881332020234337,1.0047144190904822,0.5499177418405957,0.997632872738354,0.9911575412324245,1.0724127799465812
2009-03-21,0.8082177719086246,0.9919229107223382,0.9259112975883884,1.0358556326304915,0.9890994509250975,1.0115659490844935
2009-04-01,1.2397646688896373,0.9336340614840496,1.2389982386584433,0.9008829767480961,1.0006236230291181,0.8350635520181513
2009-04-11,1.09732587751788,1.018732405883615,0.6609786992267606,0.9679634557045501,1.014460276221996,1.0179679537818433
2009-04-21,0.8890927249785275,1.0481605275734343,0.6392540281318152,0.9916375515607989,1.0162711052143383,1.1241740353137613
2009-05-01,0.8468525519978547,1.0387506699920177,0.4927491197500342,1.0766741979131553,1.007270693159208,1.2238870212255464
2009-05-11,1.014192300348385,0.9593486154812919,1.943638323278232,0.977695994936456,1.0008256145713659,0.935565563120376
2009-05-21,1.009427857414772,1.017774810451574,0.714011491178714,1.0242480509330216,1.000931632968321,1.0944217623329506
2009-06-01,0.8982220814273582,1.0462557681923954,0.7219687401243804,1.090239696907911,1.0018024847529625,1.1200705174959809
2009-06-11,0.9029106124218116,1.0168437331109181,1.290593903422926,1.068258948921068,1.000493436927562,1.074879138386909
2009-06-21,1.0145905594365896,1.0125740463637831,1.2744804330446127,1.0351086951208626,0.9941539718882545,1.03631267525475
2009-07-01,1.0180731557398608,0.9865500043352194,0.7812448620695293,0.9309623623836245,0.9849621256164937,0.9982933562199497
2009-07-11,1.0126187211273663,1.017654595080251,1.2555242009807845,1.0120577359528307,0.9823476892905469,1.0289774114915324
2009-07-21,0.967892348138886,1.0377086734179644,0.9053892349354747,1.0388310635878282,0.985347032141447,1.0896545012228107
2009-08-01,0.9252048672045395,1.0222494292334958,0.8535269942597735,1.0005572994180472,0.9897529404732666,1.0701236550478208
2009-08-11,0.9978083967693328,1.0188359438392371,1.0616363885543085,1.004134159891678,0.9895241032519353,1.0307628867988055
2009-08-21,0.9166907107410893,1.0113933789174754,0.6859018506733829,1.0539927797781676,0.9853849079504613,1.0653596114296673
2009-09-01,0.9161111906640069,1.0197070355938382,1.0230322993007686,1.0215313198599862,0.977272426911507,1.0626169303207222
2009-09-11,0.9126642700834919,1.0327089385239863,0.7907341790135807,1.0724661553468582,0.9733151646210421,1.0423649826125496
2009-09-21,0.9930783181529846,1.0066864741869619,0.9933012876513858,1.0030918037737957,0.9744712779799964,0.99240853755439
2009-10-01,0.9224430743268247,1.0190013486165304,1.0859844572434763,1.071706637870722,0.983393951122024,0.9480894951550997
2009-10-11,1.1178666536134858,0.9532052792418777,1.4125496279635805,0.9664570583088903,0.9934708700315655,0.8628551323054162
2009-10-21,0.9999211922507452,0.9995316585858681,0.5516904290222919,0.9910917845069581,0.9946335013051385,0.988988143145458
2009-11-01,0.8897790875677836,1.0230987146904438,0.40361298831268116,1.1040281248643484,0.9871766080471613,1.1382617953983687
2009-11-11,0.7984890325111205,1.0393050861364004,0.35939025087244697,1.0958626234372166,0.9756155899594929,1.107256537862973
2009-11-21,0.8078397700647816,1.030701436975576,0.840696313279903,1.0726736856665684,0.9672125087746459,1.0771784011532648
2009-12-01,0.9889181750882394,1.0126682815742396,1.067861423215563,1.0153119424824983,0.9666777035078826,1.0237654890785786
2009-12-11,1.1754946662511923,0.9871025941432005,2.785858825599108,0.9639358017673746,0.9750167671405864,0.9706582388172599
2009-12-21,1.0752396239269721,0.9487245282711165,1.7521730540559382,0.9682380767821572,0.9870889401179153,0.8880427875995935
2010-01-01,1.1465470025343896,0.966559080727947,1.615515510086312,0.9715659278230762,0.9930132501072778,0.9285547231721735
2010-01-11,0.992441236389443,1.0062350707364633,0.6037781992964006,1.0268153452253765,0.9943536156261547,1.0681466902041612
2010-01-21,0.8976897570002074,1.0268108253938981,0.58565695843299,1.0480567325617487,0.9898658892239623,1.1086182119981192
2010-02-01,0.8824875334184994,1.0320158936676878,2.530372237260381,1.025817253976849,0.9846422380677327,0.9524980659095043
2010-02-11,1.1032735058664138,0.9829856631970205,2.541954231053634,0.9239671209321191,0.9896887167415447,0.9079562522691677
2010-02-21,1.0527548611479667,0.9644705676246244,3.4760840239313446,1.0038742967759424,1.0120565066212632,0.8044850453409262
2010-03-01,1.5868695055604634,0.9000594037650563,4.069333021971634,0.7898767295977058,1.047577898167198,0.7361424716776792
2010-03-11,1.1858500404557917,0.9668932788289868,1.394490794217426,0.9448092912967249,1.0855632377812556,0.9459047033952623
2010-03-21,1.1093683470622568,0.940694053219771,1.4670937292871173,0.878286603211869,1.1042524005025882,0.8413503222134828
2010-04-01,1.0486008294631244,1.013304806551063,0.47687350425971015,0.952005140349908,1.091325485159201,1.0662751052125508
2010-04-11,1.0290366702628784,0.9937191062497212,1.344215741969823,0.9637923952498658,1.0623439350792991,0.9169015929902161
2010-04-21,1.088498787250719,1.009183382386688,1.109493293362454,0.9607646974995774,1.0351980085552677,0.9656232474018543
2010-05-01,1.008358803619839,0.9963483807247459,0.8989940972171219,0.9633499208614332,1.0164442207781244,1.0241886168687577
2010-05-11,1.0452072249802111,0.9776673696004673,1.3713148762462342,0.9607476223284688,1.0083884514021433,0.9844438829742561
2010-05-21,1.092467721093244,1.0066018024209584,1.1296657830792043,0.9628122814795271,1.0051240759891067,0.9937236309753888
2010-06-01,1.0410342040239697,1.0235142850634396,0.7678935251907416,1.0037692726203142,1.005623322967672,1.0344549110786798
2010-06-11,1.0434100040145076,1.0261774322845751,0.7627388149172831,0.9888643616303433,1.0023651958348732,1.0192084492531017
2010-06-21,0.9994358145526753,1.0135200012274277,0.8025584888890029,0.9892777859806811,1.0016034341301068,1.0177134441475981
2010-07-01,0.9509642889703193,0.9983391534019427,0.631877926553531,1.0150613692767865,1.0020811649374137,1.0301094134367186
2010-07-11,0.9067902426448583,1.0069077882443842,0.8521680171246722,1.0434164909670975,1.0038331756692174,1.039091090217339
2010-07-21,1.0717145699995776,0.9490331101721379,1.2285270320422759,0.9590496695614624,1.0053541691621943,0.9027921449071623
2010-08-01,0.9904323895641202,1.0186545661011102,0.6084041016440804,0.9774740186270345,1.0061874948668275,1.0418503173548206
2010-08-11,0.9327670350536935,1.00087661650164,0.7612743661131985,1.0510912062916704,1.0044420116731991,1.0238434823894
2010-08-21,1.0187968142222616,0.944507241452129,1.2458492379703667,0.9709972036925386,1.0026186073535743,0.8511536258381747
2010-09-01,1.0041317550791802,1.0127394309860147,0.873862804493555,1.0215273811377694,1.003306832556861,1.041064415815124
2010-09-11,1.103574268174992,0.9724957740696215,1.4037773668434919,0.9454904491138901,1.0054493625261727,0.985576140116022
2010-09-21,1.0223912925934884,0.9533956847330578,0.7201975029064046,0.9514102569589878,1.0061504046319503,0.9512058787143615
2010-10-01,0.9440290155807043,1.0250957173935666,0.5012468065182003,1.0278394557023687,1.0015462472411172,1.03323189218806
2010-10-11,0.9080184109471319,1.0291970585758592,0.7837095625998429,1.028179921846142,0.997405515547725,1.0260036360572675
2010-10-21,0.9573288270857094,0.9959987872020255,0.6718722555349887,0.9745945666024166,0.9944871566549764,0.9416809226802522
2010-11-01,0.8855816420321857,1.032953533156841,0.17645640349099218,1.0724703588274949,0.9882196262376741,1.1536318534796595
2010-11-11,0.8342260219011297,1.029802505874488,0.435870964248483,1.041112396697629,0.9786663101756541,1.093082082276825
2010-11-21,0.9879225062547021,0.985612822619209,0.8837092432144964,0.9958431348708979,0.9712223220507025,0.9717879030822402
2010-12-01,0.9394049374236343,1.0338848851030626,0.4492640540268342,1.1114951119413976,0.9664806357010499,1.072414602510042
2010-12-11,0.9381712353599075,1.002315183138324,0.8524177800951387,1.017056511724614,0.969004855067381,1.0658207225795464
2010-12-21,1.0332384031434731,0.991892577359856,1.6158845545277278,0.967765605034295,0.9765599139269214,0.9715742924005272
2011-01-01,1.0873136838776398,0.985100172925058,0.7653347924105358,0.9798465179844704,0.9831101804199773,0.9909123854509575
2011-01-11,1.0184864252156167,1.0068968121803152,0.8005630145574759,1.0341912051607693,0.9890845540669041,1.0111295811632337
2011-01-21,1.003324704797681,0.9926169833177352,0.5250125885042226,0.9775448829086018,0.9943371973484227,1.048101077672564
2011-02-01,0.95916022479254,1.008637385372171,0.6699638217601044,1.033246160564226,1.0007895552403754,1.0409712735261039
2011-02-11,1.0601443934279173,0.9760193747511968,1.6280353716973002,0.9627701178948295,1.0084813351860855,0.898398014686013
2011-02-21,1.0560883977602675,1.0030520790260424,0.40762108300806726,1.0087653312826388,1.0153105233748694,0.9961671929516603
2011-03-01,0.9419688787495343,0.999187676116046,0.7437044263777838,1.0120901487208835,1.0160975400506191,1.0292803677847142
2011-03-11,1.0931696677974587,0.9415625594524569,0.7812378245002715,0.9637324422745881,1.0063135070371694,0.9080608378858622
2011-03-21,0.9151178014115056,1.040531203167679,0.21934718554065527,1.0900739244845645,0.9816339477126825,1.1170779942070814
2011-04-01,0.7054186588776414,1.075881270509959,0.26823266324891004,1.1064729040655419,0.9505325147785321,1.1718858094263036
2011-04-11,0.6464166648397482,1.0844179975395853,0.2718109788969577,1.1363521681004718,0.9253018798018197,1.2156215950271696
2011-04-21,0.7908880730033868,1.0486507437329573,0.9425459781350191,1.1459867797646597,0.920330211123632,1.045258568034802
2011-05-01,0.9757093034324127,1.0094387673787364,0.9792534972703383,1.057362801666454,0.9378867282655253,1.001831753002853
2011-05-11,0.9295918849290381,1.0002604039352705,1.4728036581158432,1.0619590060487756,0.96320479591799,1.0028307926180562
2011-05-21,1.0898731754118924,0.9592034703575173,1.4819468701834224,0.9436150105073873,0.9841917801352076,0.918696458026334
2011-06-01,0.9796581966632666,0.9833140292434703,1.1216105171088588,0.9702411279516956,1.0016018871783823,0.959231658303066
2011-06-11,1.1427159126641395,0.9725093173287145,1.330000560394479,0.953652897835512,1.016669924539102,0.9021964114938632
2011-06-21,1.0261611664229697,1.0058934488492113,1.2277752828970019,0.965277608612886,1.0243616810662552,0.9517245027894812
2011-07-01,1.1076504082643384,1.0283131489125197,1.0823116347753405,0.9906157875255597,1.0275149932615573,0.9930403336342769
2011-07-11,1.032707310718884,1.0113545870812926,1.2190137762681053,0.978269326771294,1.0259742377160224,0.998496731798933
2011-07-21,1.0816773387797698,1.0432863507459518,1.1509135322383892,0.9720669440918654,1.0216014680670373,1.047690324672953
2011-08-01,1.0022549470822923,0.9822778634201536,1.2138407881079922,0.9911630315995088,1.015013791584083,1.0200361920404404
2011-08-11,1.0809442969726815,0.9951967593644817,1.2448139698682534,0.960293567997609,1.0102574893555614,1.0285394475150726
2011-08-21,1.0400704273923667,1.005211405258282,1.1022394095894434,0.95148326274186,1.0088850689042623,1.0359833949407322
2011-09-01,1.1081417134978184,0.9460281184478329,1.257984834254493,0.9302791177880823,1.012514631148174,0.9003966217393529
2011-09-11,1.065317306561942,0.9827345133284836,1.023051014228056,0.9337003815193254,1.01978316682318,0.9915118329785145
2011-09-21,1.02736897885778,1.0033268705024205,1.0092113617785237,0.9688033100854754,1.0252669055380141,1.0615466270015705
2011-10-01,1.0202939427033595,1.0102926521108546,1.0116809174986912,1.0095257187221072,1.022489368058242,1.0368543325137314
2011-10-11,1.029098084985094,0.9712226350840106,0.9846759589960261,0.9977940447374223,1.0120462956631255,0.9534039011137969
2011-10-21,0.9187734951864324,0.9979716530880822,0.7510933145833885,1.0778263433241901,1.0024551260458288,1.0078927137964853
2011-11-01,1.1625505715123086,0.959291001405775,2.7665794340059646,0.9533198342012731,1.002473178374271,0.802688740484507
2011-11-11,1.1619680868972941,0.9853233022635196,0.7917122374788194,0.9532174585335003,1.011952852725115,0.9602765276078065
2011-11-21,1.0974356170123056,0.9320762758847415,2.4648261015072452,0.8964796039090889,1.0249937718951443,0.7645432747572514
2011-12-01,1.202447123206777,0.9675948435615516,1.2126042570812166,0.9267206477326971,1.0375694305761864,0.9113223376157348
2011-12-11,1.0537766621739988,0.9854725776336268,0.9473521366869778,0.9514600756791657,1.0431086924749797,0.9384049854645059
2011-12-21,1.001535553250568,1.0098539670110303,0.6361356953852765,0.993608127443535,1.0396800532570565,1.0104869899574582
2012-01-01,0.9064858088288809,1.0010524107577086,0.4851720987314129,0.9863177742464817,1.025546262709146,0.9948400628991072
2012-01-11,0.9299859966580929,1.0134588155015427,0.4212331029015335,1.0406132426919128,1.0101253581670553,1.0426763636456846
2012-01-21,0.8768150807372684,1.0083485006538977,0.35533508145873544,1.0143650963449735,0.9989946159549148,1.0560719968062742
2012-02-01,0.8647404065357762,1.0032113070977393,0.4039966578077187,1.0283991796432062,0.9911564895270121,1.0607341029449529
2012-02-11,0.8664020695451939,1.0207787724659922,0.35835086591971294,1.02187532500211,0.9869105460095019,1.0826996452376452
2012-02-21,0.8817030021180304,1.0090518866323257,0.4911033251376491,0.9903714522678236,0.9805907731371868,1.1055113538519212
2012-03-01,0.9510815380880223,0.9849663444016704,0.5152009531650964,0.9785099479486568,0.9710358188091687,1.0360615274700595
2012-03-11,0.8829675606456702,1.03211587670183,0.22035251744763218,1.1349421729991447,0.9594633474424017,1.15350962915821
2012-03-21,0.7307250465843054,1.0160156798477487,0.3399829635006367,1.0884282544037267,0.9500478221303774,1.1772815089597428
2012-04-01,0.9954619032760501,0.9947879290506537,0.989087986199284,1.0219233621207036,0.9498481835171125,0.9913524196125494
2012-04-11,1.0572073967305167,1.0123391269670616,1.062112416106159,1.0197138227775622,0.9642963533543926,0.9379816431798683
2012-04-21,1.0757757601782905,1.0117069782388413,1.2610594530958996,0.9801398758685002,0.9830865802873008,0.9345531146534106
2012-05-01,1.0173414910188998,1.001021217839022,0.9270069512119273,1.0116393347166062,0.9935425365085435,0.9677486214370361
2012-05-11,1.0160993380458334,0.9903790637228169,0.7273077077493922,1.0088338340216783,0.9963230023748638,0.9504156197585892
2012-05-21,1.0380880245355608,1.0279323269614213,0.8404602988340911,1.0099734738116881,0.9959521816334813,1.0343986119442192
2012-06-01,0.9156707350523694,1.026167386089427,0.7193543257035991,0.995673480639827,0.9881418596094277,1.0045291419144309
2012-06-11,0.9455934197769167,1.023220946317464,0.7895712672040899,0.9978943157524454,0.9867242416764144,1.0440487715697613
2012-06-21,1.0370186751321593,1.001141805048271,1.5869582177186552,0.9953464512216476,0.9896029885369821,0.9505339414257614
2012-07-01,1.1362436555630524,0.9640650293247832,1.3493941199951844,0.9543301468832656,1.0010874278340574,0.8969014916315443
2012-07-11,1.0512347696407298,0.9951725974152733,0.8870974639955748,0.9454028554482824,1.0152849084198223,0.9628555129766225
2012-07-21,1.000673404064668,0.9936120268147725,1.1023783077886202,1.0068845811914258,1.0253113802006246,1.0032598291992267
2012-08-01,0.9751802043355683,1.0296838769273644,1.0345286524112385,1.0286088415012253,1.025608737461517,1.0028642868094668
2012-08-11,0.9796545787489398,0.9927258893775802,1.1732948529830196,1.016178231956156,1.0212037143808546,0.9454327289856597
2012-08-21,1.0395202074522283,0.9722589536703705,1.3518418242814934,0.9737877442621494,1.0149315072904557,0.8610842438213973
2012-09-01,1.0510255652316907,0.9915204258422763,1.188170285555927,0.979789800379084,1.0123572523098803,0.8942531622073341
2012-09-11,1.0703466896851148,0.9909013447355689,1.261719163564384,0.9245636442827936,1.0149050646906128,0.9426592076129083
2012-09-21,1.021347173411271,0.9994182085651934,1.0823138886825303,0.9864745563400186,1.018882220336917,0.9394756936116458
2012-10-01,0.9810613113244537,0.979610996943847,0.4109804942950816,0.9926852089521346,1.0172038768589324,0.9980954205576398
2012-10-11,0.8543364499274023,1.0167281174582268,0.5877893620258843,1.0585927959717643,1.0107208710763345,1.0927436517152247
2012-10-21,1.0120696395115052,1.0004900466858127,1.4236798637571657,1.0057488514675343,1.0037447446683168,0.992319471003093
2012-11-01,1.0196967007249624,0.9848497675207915,0.5505693435002547,1.0048763724196046,0.9999059551517069,1.0689304776830055
2012-11-11,1.0539885595512153,1.0082714691320798,1.452442015099671,1.0138332337559108,0.9964131522911313,1.0158054514429584
2012-11-21,0.9506897107014406,1.0319904775391568,0.29497679783009934,1.0261466147903044,0.9935477359762412,1.1176337961885134
2012-12-01,0.9082781543300525,1.0175158164734979,0.8419621895073669,1.0122449267073386,0.9903561431005214,1.0721426940612504
2012-12-11,0.9552032431723688,1.0083296075629504,1.0165742622247869,1.0189429668913004,0.9881659583782578,1.0872943962835309
2012-12-21,0.993227615868271,1.001426161918328,0.8300576921663396,1.0350571687816317,0.9886224147842565,1.0324043727002916
2013-01-01,0.9765529073921612,0.9898856441441113,2.2017125659043795,0.9783865544864411,0.9878004362328091,0.9903932052050666
2013-01-11,1.1173939955622276,1.0095128222556664,0.7455029635353547,1.0100143430042887,0.988732836698435,1.1035220557790302
2013-01-21,0.909089557190801,1.0408247580114196,0.54250111869544,1.062086126945328,0.9884815236645612,1.0939129414092756
2013-02-01,0.9202953151561875,0.9990672077432851,0.6482927645093738,1.0098436463806988,0.9853743908734317,1.0718591818378043
2013-02-11,0.9241004854912122,1.0482177219465834,0.40426832939154694,1.0915387590525718,0.9810069258443265,1.1368284833747966
2013-02-21,0.8782945186520723,1.0329326633586764,0.25658266249963285,1.097538791146014,0.9754445304921142,1.1521729273601773
2013-03-01,0.7778784508513966,1.0606912467069813,0.42370115010376913,1.0652247072249712,0.9749308707228813,1.1066333083674815
2013-03-11,0.8580209218915132,0.9539470442332635,1.9368399314929343,0.9493681491869189,0.986932190796109,0.8763511312418223
2013-03-21,1.3345631968966862,0.9200978433356624,2.9842704994860094,0.8550070595852373,1.0164750522947978,0.7533491990027712
2013-04-01,1.2618210748419385,0.9585311818626222,1.6273818016601145,0.8671666910492085,1.0504072117660905,0.7336725642021485
2013-04-11,1.1023930699462827,0.9946643243562053,0.8570692877088407,0.9583272180728154,1.0634908941627026,0.8961147417495664
2013-04-21,1.0828221841820855,0.9838389025440571,0.8678599509464049,0.9671069493884813,1.0495654654598157,0.8336579114199557
2013-05-01,1.0489434411403045,0.9638387413930204,1.031226074228967,0.9502285693970834,1.0292430687448417,0.9163316161789765
2013-05-11,0.9919614369260619,0.9922256359618176,0.4477623985946816,0.9546880800902996,1.0106094995472767,1.035926012118617
2013-05-21,0.9700248259590216,1.0290681072794214,0.7494618367473783,1.016624152361856,0.9954446018584258,1.0341988333981587
2013-06-01,0.9744033338979755,0.9888641570943113,0.484212453953051,0.9945079048077156,0.9823502451288627,0.9886512372720527
2013-06-11,1.0078957287955401,0.9619068771538097,1.2700737274801148,0.9542550101201603,0.9707165704056747,0.8990091267291773
2013-06-21,1.0297866011397339,1.0227342893771754,0.5592417414141655,0.991738029278363,0.9673242674072536,1.0525384867202823
2013-07-01,0.9994232080383466,1.002789299367483,1.1238325123427542,1.0064881640266923,0.9682167762687518,0.9964256777973818
2013-07-11,0.9968100032283271,0.9807612162789361,1.1082419798406078,0.9813424648106113,0.9745481107035617,0.916423717929881
2013-07-21,1.031332669730541,0.9676069441843238,1.0289167449938377,0.9645732943866713,0.980885240031223,0.9288127135031532
2013-08-01,1.0264997369659956,0.972881643772314,0.788100104103206,1.0207520549926201,0.987561301093491,0.9839885679179036
2013-08-11,0.9539041472211873,0.9903225154577868,0.8845490669380079,1.0091191075240353,0.993052109796609,0.9946925669826668
2013-08-21,0.9651371831300972,0.9893639943705705,0.7379214982076745,0.9980490365395451,0.9987436380249248,1.0497016899315785
2013-09-01,0.981901290055444,1.0132510192343867,0.8788952913351741,1.013526227038382,1.0021881191350834,1.0547741406010218
2013-09-11,0.9382535199778418,1.0322394550701064,0.7591875727437298,1.0729716123763995,1.0023558918146136,1.06908306933228
2013-09-21,0.9202768203718513,1.0383218689557296,0.8600786778224008,1.0264894373307805,1.000179729124686,1.038640850947043
2013-10-01,0.9984686423972727,0.9748594876566525,1.5364633181843597,0.9548854266997641,0.9996705005386322,0.9721859944241888
2013-10-11,1.07612310211669,0.9985942021590223,0.8999625744154719,0.9829719426579329,1.0003473532093847,1.015394078476697
2013-10-21,0.9698429187772701,1.0005083111744,0.6578289305969798,1.0286402807590227,1.0049141781233557,1.0263383194650568
2013-11-01,1.0623182971698408,0.9767600426903369,1.590322770779388,0.9380982836644004,1.0159906117870883,0.92077116789478
2013-11-11,1.202288535122452,0.9672528374752836,2.736244282001077,0.9103031887969899,1.0283501763021694,0.8843776871321165
2013-11-21,1.081149666204769,0.993785487868665,0.603734132564019,0.9750878508520934,1.0330701734242727,1.052170578214512
2013-12-01,0.9264555704138148,1.0126490099085348,0.24467018670828267,1.0850852860556426,1.027547129547424,1.0693104436457164
2013-12-11,0.9097882729230108,0.996716151053842,0.5360489646145132,1.00228062049953,1.0155143248358343,0.9770090596249491
2013-12-21,0.9500003084159128,1.0179188335016083,0.5500023559027403,0.9915742630772449,1.0027943518255094,1.0280856138169399
2014-01-01,0.9295080330638311,0.9989198359836805,0.6684690977659938,0.9986062555898961,0.9913497581735405,1.0184507423827214
2014-01-11,0.9329566291616772,1.015352676100757,0.5204706512790692,1.0459647440251785,0.9851641731579862,1.0411902849834256
2014-01-21,0.887529030792124,1.0225287331549184,0.4556847880624048,1.0465524268612756,0.982617476845782,1.1031654793749583
2014-02-01,0.9422120470109691,1.020389153261829,1.6387526023279262,1.0010758442297598,0.9830171545444804,0.9146589358037663
2014-02-11,1.1672068910164568,0.9585986989081351,2.058746132757808,0.930549682549319,0.9870080959348964,0.8130889290007944
2014-02-21,1.0545160720936664,1.017690706394826,0.4347280362750257,0.9744387957726552,0.9955875391343485,0.9945163390193206
2014-03-01,0.8890283010190866,1.0215106429434897,0.461347567445066,1.012576973639536,1.0078937146117277,1.077716619157341
2014-03-11,1.217087143061406,0.9630973628437074,2.463519043098502,0.9620677445756631,1.0241186385380598,0.9130663881598873
2014-03-21,1.1929474802616227,0.9912854470932035,1.6993915651522948,0.9574208989079156,1.0407983349147834,0.9125677005550863
2014-04-01,1.1209073652285535,0.9958685389104331,0.8903401426341288,0.9655249908549064,1.0450328180667672,1.0150796938409823
2014-04-11,0.9216214467857987,1.0163790796403822,0.3751380911360642,0.961363949745203,1.031362634184525,1.1169966867598813
2014-04-21,0.7704841110635468,1.0349837106962385,0.4464034251559133,1.041248828751081,1.0099486744919612,1.1240211441964165
2014-05-01,0.9402867445414816,1.0076319797831057,1.1557133202674343,1.046414140529335,0.9941034816265842,1.0053276418602248
2014-05-11,1.0315918880703063,0.9838690477674049,0.9532661089611728,1.0094894174742493,0.9880688376005149,0.9486264785333469
2014-05-21,0.9892905735365554,0.9850709497964072,1.2137150828697914,1.0112548979764469,0.987824845168818,1.0036371323170015
2014-06-01,0.9220684292892741,1.0313215305754195,0.5928942040994231,1.0953621206284219,0.9871882615086255,1.082272338536746
2014-06-11,0.9151831341704522,1.041763171428098,0.5902738146394982,1.0790458795839357,0.9786696362732008,1.0922307969618252
2014-06-21,0.9182291527827838,0.9959376735524307,0.6753493551027323,1.0436680567325076,0.9672668651678774,1.0617910100582897
2014-07-01,0.8904801228267023,1.0287831989544287,1.0245876183921376,1.06256626314015,0.9589771851163926,1.046690397604288
2014-07-11,1.0281931442525476,1.0115971452978023,0.7897424460823,1.0337430818045523,0.9578802883966966,1.0239627254811148
2014-07-21,1.0108790747440406,0.9980405026080179,0.8161966000069159,1.042460207512931,0.963465431872948,1.0205546245271302
2014-08-01,0.9344608764179443,1.0093065088997724,1.1181031676956896,1.0656502596005406,0.9709494899812221,1.0204657295869917
2014-08-11,0.9242995209604374,1.0133372021226754,0.6478207350438376,0.9654055834895802,0.9786064459185608,1.0577199001921258
2014-08-21,1.0289537820503596,1.0084911233056277,1.6210590183096587,1.001944637543999,0.9883131278918599,0.9692876202381321
2014-09-01,1.1136273972615507,0.9812985082036286,1.0920530025209216,0.9590506437829971,1.0017224971525982,0.9514024352103256
2014-09-11,1.07417570726529,0.9902318447425759,1.4745481816856139,0.9710399017372674,1.0146402151639824,0.9569261211670673
2014-09-21,1.0472359589007543,0.9892868915046747,0.9512124591411392,0.9774228431376415,1.0232104039357228,0.9794502360870143
2014-10-01,1.1535398504176566,0.9576944491759236,2.4528057355981616,0.9152828197774807,1.0285742779982125,0.8464465248045999
2014-10-11,1.1002395818672663,0.9867308601568023,1.1311817312089458,0.9297698746700582,1.0347645828075966,0.9308628504272238
2014-10-21,1.1161655956153131,0.9871750594415544,0.8680187485364792,0.9325326498623607,1.0368849626103247,0.9562721114333507
2014-11-01,0.9092745194304642,0.9895756701645126,0.4042312841617629,0.9737240750835914,1.0337172142644278,1.0353668238200235
2014-11-11,0.8721269063899281,0.9901678316501136,0.508565235409944,0.9321783089249355,1.0278106950584154,1.0069535211304046
2014-11-21,1.0944165494104896,0.9664865108818013,1.542801170874645,0.9076261693939465,1.0243149469537451,0.8746195564995952
2014-12-01,1.0295411813951973,0.9639910128619024,0.5773976742923363,0.9504332193068876,1.019026311157174,1.0003071720484975
2014-12-11,0.9690295215882879,0.9856602764415352,0.8264488379616528,0.995312754582659,1.0134079521453199,0.9980536277549716
2014-12-21,1.0146286903617114,0.9836526542534872,0.9912303019989989,1.0338698240239623,1.004794714731668,0.9969197854486442
2015-01-01,1.0105784757515803,1.0007016332569176,0.7703048329372044,1.0362369982735609,0.9919538114389983,1.0039242271987363
2015-01-11,0.9969038761865276,1.0074257558785982,0.676081155416437,1.035609201736632,0.9830211777619152,1.0404105653041187
2015-01-21,0.9605598815370513,0.9966125088057453,0.5606871122703697,1.0366166854359944,0.9779751026588456,1.0522157639405618
2015-02-01,0.9379320905754346,1.0201377403020022,1.1301266691625178,1.0397528428999494,0.9774106336278843,1.090793834290899
2015-02-11,1.0072806082721717,1.0079440657988359,0.6531343805865704,1.0215056935556412,0.9777601844019207,1.0091290138120692
2015-02-21,1.0050635454589751,1.0017323233967936,0.4084645364077901,0.9948163820130885,0.976519768315021,0.9900091381341573
2015-03-01,0.8135326509236552,1.0378874151329864,0.4918189953973063,1.069099377780965,0.9762403353764376,1.125066142821475
2015-03-11,0.8851975084021142,1.044180751629197,0.4216698808378896,1.0353280248696277,0.9780500936938135,1.1513141442868633
2015-03-21,1.0221655377733223,0.9575961707152723,0.833319524609405,0.9343109180133291,0.9818247711235102,0.8862961807382407
2015-04-01,0.9741373788417036,0.9809453752018539,1.1484208036039438,0.9994994957539065,0.9862872273776537,0.935611488821697
2015-04-11,1.042609109980666,0.9953516107943888,1.1243941953057641,1.0376214289915977,0.9870015346278515,1.0163959008752814
2015-04-21,1.0220821024541795,1.0163198413736698,1.0188949371879323,1.0535475564320071,0.984409626459549,1.0531595329596026
2015-05-01,1.0369216074254257,0.9809205068020926,1.4508270328079438,0.9926982468451752,0.9843427473032749,0.8419662314078757
2015-05-11,1.075270622963829,1.0306873575062996,0.7546783508097594,0.975365409466081,0.9914699266047947,0.9800847043216013
2015-05-21,1.0028526062213763,0.9536425475432427,1.32730349597416,0.9892340897108443,1.0022333162111188,0.9207672691750993
2015-06-01,1.087746615979866,0.9843392082015604,1.764634489566206,0.9491019108374636,1.013873594486439,0.9285462925841202
2015-06-11,1.0262941102285603,1.0046317702307628,0.7795688245862421,0.9816003509380352,1.022372937886473,0.9530238308463185
2015-06-21,0.9739543531644987,0.9811564727830643,1.3405859695673759,1.0409213047942492,1.0265587402731031,0.9530963120400439
2015-07-01,0.9957882511535028,1.0086309084007412,0.7650041492277319,1.0106577276600635,1.0248814685419383,1.0613065150234315
2015-07-11,0.9919951918162068,1.0148567994851572,1.0121330261636197,1.0231106649722526,1.017653428766702,1.0307308885879714
2015-07-21,0.9222336407105305,1.0263554042810614,0.8142275986674017,1.005878186932796,1.010348660707476,1.042882843839235
2015-08-01,1.0082826315700506,1.0247011294390966,0.8494324428487067,0.9901059317432536,1.0040793500255991,1.002475217518186
2015-08-11,0.9661833874850002,1.0593643474874066,1.1850244348663734,1.056327672860065,0.9987293903228751,1.066721663387343
2015-08-21,0.9568380241158096,1.0559140944832266,0.5430308451063787,1.054941273058942,0.9924191236515613,1.0827217842120684
2015-09-01,0.9242023334878112,1.0364369955690138,0.6940696849107457,1.0619570081325387,0.9823666961376727,1.12388216214769
2015-09-11,0.8998439740789737,1.03937604672464,0.5996579455430848,1.0696395198491666,0.9719122077048523,1.1202983282099086
2015-09-21,0.9114084049691759,1.0035285033043901,0.8292116591569674,1.0549176305412713,0.9670103329982057,1.0507735806883272
2015-10-01,1.0077770897480263,1.012739506926239,1.1021944205065812,1.0187422769761731,0.970279749719337,1.0487283989043032
2015-10-11,0.9864051061104988,1.0175319440293489,1.1275124306572546,1.0114473090148561,0.9829431218725933,1.0226404803322042
2015-10-21,1.007180272795235,0.9865137291559456,0.6964396021411586,0.9475936384564727,1.0003732553903948,0.9477475770116829
2015-11-01,1.0138587616163048,0.9722258186842121,1.0123781953497546,0.9224228731667857,1.0132121291888685,0.9352995532728606
2015-11-11,1.1127870892291902,0.955781204528079,1.41885293738311,0.931489274177853,1.0222602374666776,0.9557798362077347
2015-11-21,0.9444461184618378,0.9775823353085467,0.5612207218693508,0.9930429342200657,1.0253843085362584,1.0208493502443536
2015-12-01,0.9300294214834618,1.0085680096425238,0.5895456318193992,0.9955083593878885,1.0253728515880884,0.984146972740506
2015-12-11,0.9640136897244405,0.9638048007291947,1.2565771442050586,0.9394653845691526,1.0232680764669082,0.8726840430303031
2015-12-21,1.0267804953194142,1.0088424884336005,1.11411478228396,0.9794116240301023,1.019433256456984,0.9964807036276956
2016-01-01,0.9986740159836427,1.011722229351212,0.8754158998457355,0.9675723196331518,1.0091310698322855,1.0105204218619
2016-01-11,1.0239235355348126,0.9392640828055365,1.1851480606746077,0.9620355783115121,0.9982869354416831,0.843774130625214
2016-01-21,0.9732945380771132,0.9779193213916176,0.641459771595593,0.9675172234831144,0.9894137814382937,0.9514391998889408
2016-02-01,0.9944113693676836,1.0142269819775245,0.7950947640822561,1.031371132320349,0.9855111537122885,1.0208609667875177
2016-02-11,0.9413724705435589,1.0126481527484004,0.6876637220805889,1.0357811512068869,0.9891382744839168,1.0797124373755973
2016-02-21,1.0554255691264356,0.9916274758611339,1.7101126409995633,0.991220878177326,0.9979784249482058,1.0880721890916494
2016-03-01,1.1650903749400412,0.979438457371497,1.77873482010392,0.9681933081295349,1.0039500742264587,0.8852917860111427
2016-03-11,1.1754582157296996,1.049487719292364,0.25894953930028103,1.0243933053597583,0.9999159509679734,1.1128654225252566
2016-03-21,0.8163401530570232,1.072483753439114,0.19113175060780846,1.0815814827647963,0.9864233359092526,1.147763639038527
2016-04-01,0.9226759652312135,0.9866749210189857,1.8209622651584547,1.0157697569719095,0.9742980347816518,0.8912022565966939
2016-04-11,1.12060857717187,0.9777579041000266,1.271298380151057,0.9532363007452401,0.9777543834529833,0.9181779281019445
2016-04-21,1.0815136312388798,0.976405974720592,1.4407309031249262,0.9837699388981122,0.9975678744549342,0.9271988238961073
2016-05-01,1.141348527781347,0.9567400068994641,1.597663487890185,0.9117921099361522,1.0179867710649066,0.8752244881964735
2016-05-11,1.1131341281914737,0.9741000850105684,0.9897639321780956,0.9414045663109463,1.027240438376388,0.9515245118437907
2016-05-21,0.9861731699551087,1.0036786102581006,0.6031286236114778,0.9826149855169464,1.0272889697853218,1.0132822342644212
2016-06-01,0.9326242885670798,1.000624039032907,0.8433937286096372,1.0289085849422424,1.0198197638676259,1.0304268890349526
2016-06-11,0.9443298344060314,0.9921640662154045,1.0689691144866351,1.001895664457706,1.010254193462943,0.9589109414908769
2016-06-21,1.0740093090315246,0.9702687767628223,0.9837813588861968,0.8703177471023614,1.0054646842588595,0.9127270380791574
