Time,NDVI,P,LST
2002-07-01,171.85168884277343,87.09896018981934,27.06233921051025
2002-07-11,172.18076446533203,88.38198654174805,26.546708869934086
2002-07-21,170.7934555053711,97.62376602172851,25.82681893287821
2002-08-01,171.4926904296875,58.650297470092774,26.758376998901372
2002-08-11,173.90961456298828,87.86148132324219,26.758376998901372
2002-08-21,177.28239685058594,110.66429580688477,26.417358016967768
2002-09-01,179.95419799804688,79.61310218811035,26.97581916809082
2002-09-11,180.8626742553711,68.77765029907225,26.59228702545166
2002-09-21,180.762946472168,56.28774387359619,26.89295215606689
2002-10-01,179.74329620361328,37.07452693939209,25.96521139144897
2002-10-11,177.69578338623046,36.538030834198,26.76658802032471
2002-10-21,174.93060577392578,29.473124914169308,26.53517692565918
2002-11-01,171.02397735595704,11.403222029209138,27.955872306823732
2002-11-11,166.21940856933594,3.805921704769135,29.245560111999517
2002-11-21,160.78887969970702,2.2707372164726256,30.47437522888184
2002-12-01,155.21389739990238,1.4496984040737153,32.218129043579104
2002-12-11,150.0465771484375,0.3085887634797646,33.32679271697998
2002-12-21,145.5818099975586,0.29646013551179545,34.20166122436523
2003-01-01,141.76300186157223,0.41034441304861374,37.1368350982666
2003-01-11,138.46484741210938,0.5271578978558148,37.47318153381347
2003-01-21,135.4836616516113,0.6495367292432311,39.96292083740234
2003-02-01,133.1574526977539,1.5719955366531568,41.795884170532226
2003-02-11,131.67018981933595,1.8483838201663456,41.7568815612793
2003-02-21,131.0085635375977,2.5847376540303233,40.894146537780756
2003-03-01,131.24160598754884,3.973112382835018,42.896036376953134
2003-03-11,131.9887075805664,3.017808352712464,42.83752555847168
2003-03-21,132.52168594360353,2.943601785302162,45.7320100402832
2003-04-01,132.72130279541017,6.797463989257812,46.87627967834473
2003-04-11,132.66517791748046,5.560525071620941,41.83709358215332
2003-04-21,132.47423385620118,5.14933349609375,43.786430587768564
2003-05-01,132.63365539550782,7.89649275302887,43.745045166015615
2003-05-11,134.72617813110352,17.829098205566407,45.80145988464356
2003-05-21,139.13960144042971,76.86411083221435,38.03569221496582
2003-06-01,145.8665707397461,94.49688034057615,32.6561287689209
2003-06-11,153.53945526123047,90.81846229553223,29.53104496002197
2003-06-21,161.15258850097655,90.51889030456543,28.393933868408205
2003-07-01,167.10356384277344,100.12595947265623,25.753814580489177
2003-07-11,171.1170004272461,95.410375289917,25.805429878234865
2003-07-21,173.14560729980468,82.76928268432617,27.21923591613769
2003-08-01,173.77719970703126,95.02660484313965,25.57529327392578
2003-08-11,174.58359588623046,89.06980415344238,26.055430353904253
2003-08-21,175.6593051147461,94.13261848449707,25.70476936340332
2003-09-01,177.28976379394533,82.45992210388185,25.532575569152836
2003-09-11,178.60704711914062,70.30099784851075,26.466365966796875
2003-09-21,179.0640341186523,106.61806701660156,26.65079792022705
2003-10-01,178.64956085205074,20.27917201995849,25.266803507902182
2003-10-11,177.71713256835938,42.34421314239503,26.903712997436525
2003-10-21,175.4728433227539,20.306292810440066,27.482450904846196
2003-11-01,172.23320587158204,24.367089099884033,28.33173480987549
2003-11-11,168.05365997314453,5.768347749710082,30.223357429504393
2003-11-21,162.8801840209961,3.8027676451206207,31.437358512878422
2003-12-01,157.3766766357422,1.3376555705070496,32.301957778930664
2003-12-11,151.84365814208985,0.2904018396177216,34.21729820251465
2003-12-21,146.68037322998046,0.2758602406744305,34.43735877990723
2004-01-01,142.15519805908204,0.5122991729641264,37.32650341033936
2004-01-11,138.45028762817384,0.5250819182685621,34.702977867126464
2004-01-21,135.5209831237793,0.922294750175242,37.45030952453613
2004-02-01,133.46021606445314,1.1951879223437183,39.02147354125977
2004-02-11,131.9392303466797,1.4028889329149388,41.02636589050293
2004-02-21,130.9967807006836,1.3527422225475312,41.7505717086792
2004-03-01,130.58088958740234,1.662275334619156,41.779264526367186
2004-03-11,130.53914001464844,1.5283070067775602,46.391424865722655
2004-03-21,131.05546600341796,5.504749403595924,46.13857757568359
2004-04-01,132.03425567626954,16.084061551094056,43.99325881958008
2004-04-11,134.07556243896485,8.963386316299438,43.83407852172851
2004-04-21,137.30419067382812,27.22978876113892,40.640130500793454
2004-05-01,141.29839874267574,23.98107116699219,41.573851432800296
2004-05-11,145.28559326171876,26.258162240982056,40.884531784057614
2004-05-21,149.43599090576168,79.74068367004395,33.55059112548828
2004-06-01,153.88212921142582,69.35552589416504,30.01237361907959
2004-06-11,159.6246224975586,61.660650787353525,30.113688163757324
2004-06-21,165.4967855834961,88.64627914428709,29.465737686157226
2004-07-01,170.72918090820312,111.90120132446287,26.97811092376709
2004-07-11,173.612509765625,91.80348808288574,25.829850311279298
2004-07-21,174.80800567626954,111.95204818725584,26.834054794311523
2004-08-01,174.50487335205082,94.56216316223144,26.5528129196167
2004-08-11,175.17660766601563,89.42899940490723,25.907304496765136
2004-08-21,176.47808502197262,119.89312545776369,25.825958061218266
2004-09-01,178.2982943725586,93.02937171936036,26.88235523223877
2004-09-11,179.17433654785157,107.95852729797363,25.42660396575928
2004-09-21,179.7480169677734,44.0384854888916,25.973395881652827
2004-10-01,180.0315020751953,53.5879154586792,25.505348129272466
2004-10-11,179.49422607421874,20.517488622665404,27.78960563659668
2004-10-21,177.10998565673827,19.00522152900696,28.20801750183105
2004-11-01,172.56324127197266,11.348655939102173,29.16199321746826
2004-11-11,166.69559173583988,4.794464755058288,29.590876655578608
2004-11-21,160.51215576171876,8.951633794307709,30.0792484664917
2004-12-01,154.63277404785157,1.309942427277565,31.284798431396485
2004-12-11,149.26623901367188,0.3424937473794333,33.10948097229004
2004-12-21,144.73569778442382,0.33213403788208345,34.406873054504395
2005-01-01,140.89648345947262,0.4589352343443058,36.439226112365716
2005-01-11,137.6424040222168,0.4694722819514459,34.86862503051758
2005-01-21,134.8175569152832,0.7276002757967436,38.34543773651122
2005-02-01,132.29651977539064,0.9432700576247076,41.22505500793457
2005-02-11,130.2991323852539,1.1188620602525772,42.33491325378418
2005-02-21,129.47217666625977,1.08476398460567,46.094903793334964
2005-03-01,129.81868637084958,4.058619927821025,46.21874610900879
2005-03-11,130.89414077758792,9.294062257203297,42.912101898193356
2005-03-21,132.09931701660156,4.912655386924745,47.170723571777344
2005-04-01,133.02270431518554,5.034343400001527,46.057135314941405
2005-04-11,133.86516387939454,4.8499770784378065,44.46817474365234
2005-04-21,134.95716354370114,11.098014345169068,42.87042095184327
2005-05-01,137.20687561035157,30.42736621856689,42.0418288421631
2005-05-11,140.7765570068359,13.042415733337402,41.659551353454596
2005-05-21,145.74342590332031,94.16216354370115,36.84076301574707
2005-06-01,151.89219268798828,111.8855827331543,31.35401752471924
2005-06-11,158.42249603271483,75.16660659790041,28.258986015319824
2005-06-21,163.9929849243164,84.12486679077148,25.28680013656616
2005-07-01,168.24744903564454,90.63269386291503,27.36203826904297
2005-07-11,170.47731262207031,107.8839599609375,25.066944236755372
2005-07-21,171.89409484863282,88.28642776489258,26.07889785766601
2005-08-01,173.19517456054692,74.58119735717773,25.90780258178711
2005-08-11,175.08161682128906,109.07592727661131,26.5495011138916
2005-08-21,177.1770834350586,89.74435562133789,26.549754638671875
2005-09-01,178.42818023681642,53.65841075897217,26.676883506774907
2005-09-11,179.18536163330074,65.22300895690918,26.51829595565796
2005-09-21,179.56668182373048,101.59385498046876,27.034029693603514
2005-10-01,178.5563851928711,32.25412412643433,25.33589527130127
2005-10-11,177.00433563232426,37.93518907546997,25.40072504043579
2005-10-21,175.23258331298828,35.767396202087404,24.93074722290039
2005-11-01,172.34849578857418,3.624787616729736,28.75719310760498
2005-11-11,168.742109375,2.847404798269272,30.58711254119873
2005-11-21,163.50085906982426,3.5097601759433745,31.467093696594237
2005-12-01,157.31917266845704,1.0900857734680176,32.28361186981201
2005-12-11,151.1383740234375,0.26179435706683124,34.50477409362793
2005-12-21,146.11841430664063,0.2465937401944387,35.889166374206546
2006-01-01,141.92269409179687,0.5422525207999734,36.81985389709472
2006-01-11,138.61400329589844,0.535267060432625,37.473875083923346
2006-01-21,136.2406005859375,0.9475637224822432,38.44948738098145
2006-02-01,134.20980285644532,1.1887204029015856,39.74961605072021
2006-02-11,132.39570129394528,1.4596024370635858,41.45377685546875
2006-02-21,131.10136322021484,1.2179924835264684,45.9362971496582
2006-03-01,130.1794709777832,1.5531742885362112,42.63329444885254
2006-03-11,129.93748077392578,1.7883829635603354,42.451806182861326
2006-03-21,130.38133514404294,1.977680588960648,46.25604606628418
2006-04-01,131.1275146484375,5.162153828144073,47.10280212402344
2006-04-11,131.53240814208985,5.049295134544373,43.808741455078135
2006-04-21,133.45727798461914,6.954926724433899,45.31256622314453
2006-05-01,138.17203750610352,45.72130355834961,41.21618965148926
2006-05-11,145.84107208251953,91.4947834777832,33.64925659179688
2006-05-21,154.99174774169919,60.76716686248779,31.53963359832764
2006-06-01,164.1080987548828,64.98793090820314,28.31438201904297
2006-06-11,170.04145751953126,76.7933853149414,26.71228179931641
2006-06-21,173.89192779541017,100.45095024108886,26.474994125366212
2006-07-01,175.6861410522461,92.2786883544922,27.30548740386963
2006-07-11,175.424794921875,71.72475746154784,26.143738250732426
2006-07-21,172.79754333496098,152.60772171020508,25.1591015625
2006-08-01,171.25389587402344,93.8431731414795,22.882770614624018
2006-08-11,171.21142410278318,85.11874694824219,25.875288352966308
2006-08-21,172.54899337768555,132.82919387817384,26.230356369018555
2006-09-01,174.04452728271485,77.80418167114256,26.910197143554694
2006-09-11,174.79593475341798,79.26056945800781,26.544107666015623
2006-09-21,175.30097442626953,67.51681144714354,24.87008636474609
2006-10-01,176.10402496337892,38.97019485473633,26.61898525238037
2006-10-11,176.7324545288086,46.97316524505615,26.663697242736816
2006-10-21,176.4153744506836,81.35430015563966,25.608797874450683
2006-11-01,174.56545043945312,5.937858225107192,27.89383712768555
2006-11-11,170.99393524169918,3.3966301453113554,28.64390281677246
2006-11-21,166.25366821289063,2.4733062863349917,29.154534339904785
2006-12-01,160.93936920166016,3.3081710636615758,30.953838768005372
2006-12-11,155.41855224609375,0.36772121015678494,32.34317050933838
2006-12-21,150.34574340820313,0.3653805587249001,33.13922252655029
2007-01-01,145.84763214111328,0.5117597561147621,34.079742736816414
2007-01-11,142.07480377197263,0.527729352939798,34.37774253845215
2007-01-21,138.99624755859378,0.8695077805424373,38.66553409576416
2007-02-01,136.59283203125,0.9313841809711658,39.619739379882816
2007-02-11,134.06845794677736,2.0165429822949226,41.16327766418457
2007-02-21,132.29351913452152,1.809531263485551,42.8356453704834
2007-03-01,131.4197325134277,2.7856387351122542,44.84669204711914
2007-03-11,131.90899978637697,6.3724738490496815,40.37121238708496
2007-03-21,133.26954895019531,7.140165890455246,45.237764053344726
2007-04-01,135.0924562072754,11.31241001367569,42.621003532409674
2007-04-11,137.35608871459962,19.714189815521237,47.44968421936035
2007-04-21,140.81414825439452,26.152671089172358,39.237603721618655
2007-05-01,145.72600799560547,43.14424579620361,35.831569557189944
2007-05-11,152.12015411376953,44.5982230758667,35.08422161102295
2007-05-21,158.7237582397461,47.47871154785156,32.12800022125244
2007-06-01,164.44239868164058,98.72514015197754,29.0644677734375
2007-06-11,167.21042541503903,98.33153182983398,27.13932308197021
2007-06-21,166.36368774414063,69.62050598144532,28.0481734085083
2007-07-01,163.4928240966797,81.24079147338867,25.983140264238628
2007-07-11,162.95519927978515,66.49345497131348,25.7477195895448
2007-07-21,165.3374691772461,95.02057647705078,26.072523345947264
2007-08-01,170.07950164794926,102.17241172790527,25.99279319763184
2007-08-11,172.3517204284668,84.86807693481445,26.15194438934326
2007-08-21,172.40342559814454,91.40527816772459,24.96218173980713
2007-09-01,171.84946868896483,79.27670692443847,25.183051399562675
2007-09-11,172.70669342041015,100.13828262329102,25.857789253701966
2007-09-21,175.2822393798828,66.41664627075195,25.98934246063233
2007-10-01,177.11438354492188,39.02626823425293,26.94493904113769
2007-10-11,177.29846557617188,32.283538494110104,28.20422222137451
2007-10-21,175.67015747070312,15.990394105911255,27.57207847595215
2007-11-01,172.54126098632813,23.7923330783844,28.36446956634521
2007-11-11,168.483720703125,9.231154255867004,28.870669174194337
2007-11-21,163.89243499755858,3.1622283732891083,31.479777145385746
2007-12-01,158.67207244873046,1.0576853775978088,32.910088272094725
2007-12-11,153.32095672607426,0.2516405701564973,34.7311116027832
2007-12-21,148.15757843017582,0.2473607599351519,34.27651382446289
2008-01-01,143.5385321044922,0.4807506549403946,36.94037517547608
2008-01-11,139.9245669555664,0.6467659290132031,35.88626438140869
2008-01-21,137.1838235473633,1.4563647606016077,36.08995429992676
2008-02-01,135.04266860961914,0.8520438926644748,38.15922603607178
2008-02-11,133.47745025634762,1.114443412667606,41.14636619567871
2008-02-21,132.32682830810546,0.9905122303962708,41.098226928710936
2008-03-01,131.58072692871093,2.190480066056724,44.62783622741699
2008-03-11,131.43494659423828,2.235564946279953,44.81595001220703
2008-03-21,132.13750473022458,2.9050808495283125,46.521741943359366
2008-04-01,134.57543533325196,16.91465717792511,43.7205850982666
2008-04-11,139.51020568847656,24.76414493560791,39.11918632507325
2008-04-21,146.6795394897461,68.56802536010743,37.54945255279541
2008-05-01,154.68851837158203,39.548994884490966,36.20008457183838
2008-05-11,161.65610626220703,49.83938426971436,33.54788196563721
2008-05-21,166.44077117919926,132.71583633422853,30.838349914550786
2008-06-01,170.04168548583985,85.98839828491211,28.87146339416504
2008-06-11,172.51243774414058,59.146125640869144,26.84432014465332
2008-06-21,174.01041473388668,103.22020965576172,26.45019874572754
2008-07-01,173.41689056396484,112.81042495727542,25.99900756835937
2008-07-11,171.3540609741211,96.80103080749512,24.461165103912354
2008-07-21,168.52364959716797,97.0769189453125,25.793529319763184
2008-08-01,167.86376861572262,94.86333679199218,25.28531650621064
2008-08-11,170.01872283935546,91.64686157226562,25.87259838104248
2008-08-21,173.30564453125,129.3685945129395,25.741796531677245
2008-09-01,175.68529876708985,70.36525108337402,26.2604656791687
2008-09-11,175.65610046386718,79.03011192321776,25.990986633300786
2008-09-21,174.56851287841798,64.53821914672852,26.958252296447753
2008-10-01,174.30621612548828,38.37157398223877,25.232673625946045
2008-10-11,174.25620727539064,31.320879802703857,25.854829330444336
2008-10-21,172.99360626220704,18.37566564559937,28.455501976013185
2008-11-01,170.03555389404298,6.093060944080353,29.29739856719971
2008-11-11,165.0569940185547,2.884468277692795,30.823235778808595
2008-11-21,159.00810424804686,2.4274300849437718,32.81187679290772
2008-12-01,153.23426635742192,1.3499525427818295,32.216252059936515
2008-12-11,148.0480364990234,0.2705869341298752,34.248038291931145
2008-12-21,143.5293505859375,0.2599329944759804,33.44326248168945
2009-01-01,139.9909524536133,0.4477660210265141,35.98078536987305
2009-01-11,137.4721044921875,0.5031384580258623,37.581398010253906
2009-01-21,135.5026318359375,0.8021975306681353,39.31130569458008
2009-02-01,133.85890075683594,1.0919446444220418,39.73044872283936
2009-02-11,132.6140391540527,1.5028537972283085,39.83776466369629
2009-02-21,132.14053543090822,1.3216226852685211,41.659509353637695
2009-03-01,132.68727172851558,2.3718757424602863,43.96450546264649
2009-03-11,133.84504455566406,3.824132617591858,43.58093601226807
2009-03-21,134.99818008422852,4.23682988345623,45.867596740722654
2009-04-01,136.19570724487303,12.071635572910306,46.4452375793457
2009-04-11,137.52483657836913,15.749656660556793,40.6891877746582
2009-04-21,139.17988464355471,39.926362705230716,40.441712875366214
2009-05-01,141.32500091552734,28.799559154510497,39.22725917816162
2009-05-11,143.97334503173832,13.83304292678833,40.947268905639646
2009-05-21,147.88236511230468,34.28291790008545,37.00294364929199
2009-06-01,152.95017364501953,90.71639053344728,35.14442230224609
2009-06-11,158.5299822998047,111.33164100646972,31.111534538269048
2009-06-21,163.7715008544922,88.65078987121582,28.38668857574463
2009-07-01,167.89395599365238,71.27214881896974,25.37004127502441
2009-07-11,171.09366729736328,54.21594081878662,27.861420097351075
2009-07-21,173.46676055908202,101.81510116577148,28.006804161071774
2009-08-01,175.32520935058594,80.85657257080078,26.52904567718506
2009-08-11,176.82363098144532,91.22459968566895,27.25295955657959
2009-08-21,178.1979949951172,122.36946731567384,27.586563835144048
2009-09-01,178.86763458251954,58.14623817443848,26.545680236816413
2009-09-11,179.3991241455078,48.188307189941405,26.87790756225586
2009-09-21,179.51611328125,58.9011058807373,26.699557495117194
2009-10-01,179.45861785888673,38.48129697799683,26.0712251663208
2009-10-11,178.49653381347656,31.444772605895995,28.183370780944824
2009-10-21,175.56760955810546,29.683519039154053,27.64176971435547
2009-11-01,170.55513061523436,4.276743340492248,31.014488487243646
2009-11-11,164.1094564819336,2.2187597155570984,31.021654891967767
2009-11-21,157.8524639892578,3.1341378891468055,31.94044170379639
2009-12-01,152.5422378540039,1.5045375442504882,33.826001510620124
2009-12-11,148.07216140747067,0.33092105055782073,35.66443309783936
2009-12-21,144.10979309082032,0.3235073831611361,34.457607536315926
2010-01-01,140.55643249511718,0.6354692250725161,37.33213802337647
2010-01-11,137.1885595703125,0.6092111993280582,36.75751846313477
2010-01-21,134.1653858947754,1.0154053888559025,38.76425861358643
2010-02-01,131.90134292602542,1.4801599148169178,40.44476676940918
2010-02-11,130.37212829589845,1.2493384795507885,42.677683181762696
2010-02-21,129.46252548217774,1.6135400093346834,40.25226501464844
2010-03-01,129.17968338012696,1.8310599315841491,46.97043510437012
2010-03-11,129.3365690612793,1.9096528923895288,42.72458885192871
2010-03-21,129.3894776916504,2.019276180267334,43.16165283203125
2010-04-01,129.52021545410156,7.696887145042419,46.26043251037598
2010-04-11,129.99573867797852,6.919039316177368,46.1771199798584
2010-04-21,131.46154281616208,11.088208222389223,44.260033798217776
2010-05-01,135.31298858642577,62.079793777465824,39.44829959869385
2010-05-11,141.16350616455074,40.32507680892945,39.81744171142578
2010-05-21,148.23619781494142,57.3103564453125,35.01696662902832
2010-06-01,154.6350140380859,61.48488929748535,31.54982063293457
2010-06-11,159.53836669921876,80.89756603240967,29.6051322555542
2010-06-21,163.68527862548828,104.8705375671387,27.15714290618897
2010-07-01,167.30370239257812,101.86377990722656,25.795956363677977
2010-07-11,169.47117248535156,71.9326247406006,25.246893771859106
2010-07-21,170.89285400390625,98.82304344177246,25.368711071014403
2010-08-01,171.5222772216797,96.25010803222656,24.814500427246088
2010-08-11,172.1371905517578,82.19608612060547,25.89967187245687
2010-08-21,172.53406311035155,90.64455711364748,25.471993247667953
2010-09-01,173.04938125610352,85.25596588134766,26.24724876403809
2010-09-11,174.15931182861328,82.84072837829589,25.66803554534912
2010-09-21,175.9732879638672,65.76549392700197,23.751630191802978
2010-10-01,177.50540618896488,41.71220005035401,26.54968620300293
2010-10-11,178.03790405273438,38.68121816635132,26.568083190917967
2010-10-21,176.7598422241211,31.927315263748174,26.363965606689447
2010-11-01,173.8473699951172,9.725518066883089,28.67803768157959
2010-11-11,169.29304809570309,6.508176598548889,28.71150005340576
2010-11-21,164.2440447998047,3.4370012915134436,30.482803268432622
2010-12-01,158.8334561157227,1.5257832610607147,31.46804077148437
2010-12-11,153.63011779785157,0.3230672327051725,32.90334869384765
2010-12-21,148.92019439697262,0.30028206502865185,33.301177291870125
2011-01-01,144.8166098022461,0.6642667288804971,33.892361183166514
2011-01-11,141.3513427734375,0.631296807082174,34.32925708770752
2011-01-21,138.31306045532227,0.9902748086912924,37.18290916442871
2011-02-01,135.5182147216797,0.8776544161043893,41.707476119995114
2011-02-11,133.19530395507812,1.015652718995698,42.98925727844238
2011-02-21,131.68526885986327,1.2041888266801837,41.812931213378896
2011-03-01,131.26916183471678,2.4968928088836027,43.42626564025879
2011-03-11,131.84355590820311,8.34031641050069,43.10384147644043
2011-03-21,132.75030227661134,3.547992436885833,45.2142626953125
2011-04-01,133.546436920166,5.295020248889923,45.32484275817871
2011-04-11,134.23477661132813,8.737359194755554,44.642895736694335
2011-04-21,135.01264541625977,13.369106907844547,45.38180976867676
2011-05-01,136.53455520629882,19.153622217178345,44.06221229553223
2011-05-11,139.51899948120118,37.76931140899658,40.047058296203616
2011-05-21,144.75369262695312,85.48786460876465,34.13929054953835
2011-06-01,151.72791107177738,63.99399658203125,31.34242816925049
2011-06-11,160.0224154663086,67.8935595703125,28.934683570861818
2011-06-21,166.69543914794926,86.8945923614502,28.096181017287236
2011-07-01,171.09702667236328,67.80053245544434,29.58210220336914
2011-07-11,172.52986328125,88.9184420776367,26.29140884399414
2011-07-21,172.42412414550782,77.08673751831054,26.75411073684693
2011-08-01,172.12225311279298,95.1672876739502,26.42576692542251
2011-08-11,173.38248779296876,101.14009941101074,25.4837841796875
2011-08-21,175.66348999023438,107.65806381225586,25.668729095458986
2011-09-01,177.307548828125,75.67009078979494,25.635808715820318
2011-09-11,178.71279663085937,84.88367233276367,26.15106243133545
2011-09-21,179.91403564453125,70.58929054260255,26.740116500854487
2011-10-01,180.1515673828125,47.368276824951174,26.679125595092767
2011-10-11,178.85876922607426,34.47623867034912,27.431940574646
2011-10-21,176.3672476196289,22.88937595367432,27.05393020629883
2011-11-01,172.4914730834961,4.371905734539032,29.12070098876953
2011-11-11,167.55717315673832,2.965259053707123,30.341836051940923
2011-11-21,162.0508575439453,2.0650891566276552,31.459621543884282
2011-12-01,156.2732275390625,1.083631802201271,32.41540893554688
2011-12-11,150.69844314575198,0.28198173363421103,33.14518882751465
2011-12-21,145.78029830932618,0.2710546030582905,35.74905796051026
2012-01-01,141.64061737060547,0.46435481386530103,36.80599987030029
2012-01-11,138.15302001953123,0.4822147048609998,35.32994045257569
2012-01-21,135.21261474609378,0.7118609761317809,39.29150436401367
2012-02-01,132.7137336730957,0.8461305711331326,41.79130432128906
2012-02-11,130.40640380859378,0.9691004173527472,42.587875747680656
2012-02-21,128.72808944702152,1.2601151968538762,42.916378173828114
2012-03-01,127.96098297119141,2.0546734658174284,41.762130889892575
2012-03-11,128.37436416625977,1.8561876503624888,43.286570663452146
2012-03-21,129.59078369140624,3.5736468064785005,45.297825469970704
2012-04-01,130.99527297973634,3.4716454601287836,48.576628494262685
2012-04-11,132.0325726318359,6.843185856342315,45.042842025756826
2012-04-21,133.8809669494629,9.888681797981262,41.85613605499268
2012-05-01,137.70243270874025,37.199316539764396,40.37862060546875
2012-05-11,143.53038833618163,73.79582321166994,35.13344482421875
2012-05-21,150.91039367675782,68.47099658966064,33.386779747009285
2012-06-01,158.00470764160156,80.9734885406494,29.413869667053227
2012-06-11,162.7919195556641,75.75874458312987,27.277902221679692
2012-06-21,165.44266815185546,76.47857864379883,26.102649612426763
2012-07-01,166.92287109375,73.44144065856932,25.914291615388827
2012-07-11,168.4284588623047,124.6159700012207,25.642188270886734
2012-07-21,170.69015548706054,100.89926635742188,25.916263027191164
2012-08-01,173.0366802978516,122.11541938781738,26.59494079589844
2012-08-11,174.1504347229004,102.7595458984375,26.011113929748536
2012-08-21,174.01889373779298,127.0422720336914,25.69996566772461
2012-09-01,174.58370239257812,91.17649070739746,25.15044532775879
2012-09-11,175.3044320678711,76.81871467590331,25.64228672027588
2012-09-21,176.9668218994141,66.62389373779297,26.398578414916997
2012-10-01,178.2557452392578,34.5381247138977,26.645618991851805
2012-10-11,177.79226348876952,25.52507089614868,28.75884952545166
2012-10-21,175.5864111328125,38.51408103942871,27.51526382446289
2012-11-01,172.67021789550782,35.06415060043335,26.600848350524906
2012-11-11,169.00889007568358,3.146594135761261,29.0533837890625
2012-11-21,164.72555694580078,3.133571683168411,30.429391593933104
2012-12-01,160.0990576171875,1.2469608855247498,31.97712272644043
2012-12-11,155.00105377197266,0.4520776064887062,33.38657199859619
2012-12-21,149.8242300415039,0.3401393932976866,33.274740524291985
2013-01-01,144.7848663330078,0.4931088373673087,34.539868698120124
2013-01-11,140.1663438415527,0.5681903640858548,36.43813167572021
2013-01-21,136.15776184082029,0.7687905104058111,36.88981716156006
2013-02-01,133.1631643676758,0.9689233011112152,38.32963409423828
2013-02-11,131.25724838256835,1.1697660736925901,42.508460159301755
2013-02-21,130.51434555053712,1.2322877772897485,43.248112564086924
2013-03-01,130.64276046752929,1.9758242696781276,44.5055606842041
2013-03-11,131.50084350585936,2.4265845089763003,43.96480941772461
2013-03-21,132.45837951660155,2.3533070409297943,47.075190963745115
2013-04-01,133.0269158935547,4.086329808235169,46.225622634887685
2013-04-11,133.29171859741209,3.229814803600312,47.730720901489256
2013-04-21,134.03111877441407,5.764319844245911,44.37072082519531
2013-05-01,136.80290771484374,60.85628594398498,41.607706184387204
2013-05-11,141.53498779296876,60.717235774993895,36.05270725250245
2013-05-21,147.46179870605468,73.76296787261963,32.88113235473633
2013-06-01,153.36922332763672,61.6421647644043,29.166244049072265
2013-06-11,159.40826263427738,56.475322189331045,29.583788132180967
2013-06-21,164.22373565673828,93.06586967468262,29.822654151916502
2013-07-01,168.1210888671875,110.5761018371582,27.43812866210937
2013-07-11,170.22379180908203,82.81883163452149,25.571653284925087
2013-07-21,171.78661285400392,123.55640830993653,25.918369565691272
2013-08-01,173.6184701538086,98.89345779418946,27.664827003479004
2013-08-11,175.19852874755858,98.90563903808594,25.321615438461304
2013-08-21,176.2276995849609,90.0066842651367,26.663196754455573
2013-09-01,176.92801696777343,80.4106559753418,25.662987327575685
2013-09-11,177.9391546630859,63.19784713745117,26.992455825805663
2013-09-21,178.68932983398437,52.33318851470947,26.23380470275879
2013-10-01,179.41157470703126,53.99532543182373,25.298896522521968
2013-10-11,179.2521401977539,32.40410945892334,26.206150741577147
2013-10-21,178.0698797607422,28.65061780929565,27.205142517089843
2013-11-01,175.50970794677738,18.476124033927924,28.136051139831547
2013-11-11,171.9385336303711,6.895048100948332,28.788784255981444
2013-11-21,167.33171936035157,5.424267232418059,30.478443069458013
2013-12-01,162.37340484619142,1.318275507092476,32.04689853668213
2013-12-11,157.10664581298832,0.3051455665525762,30.49040061950684
2013-12-21,151.80237365722655,0.2871165688838582,34.048919219970706
2014-01-01,146.79427764892574,0.490792159260769,34.284600219726556
2014-01-11,142.2605877685547,0.5194994245632052,36.11835048675537
2014-01-21,138.2982035827637,0.7555961454170932,38.325654029846184
2014-02-01,135.09926132202148,1.0361713109418962,40.426733627319344
2014-02-11,132.96670227050782,1.25177542014746,39.087031593322756
2014-02-21,132.28093612670898,1.495880702286959,41.0608512878418
2014-03-01,133.10733230590822,16.754977114511842,39.63205825805664
2014-03-11,134.7168408203125,11.219806304291325,40.74696681976318
2014-03-21,137.1046012878418,3.4198194193840026,45.210425262451174
2014-04-01,139.9833026123047,26.867564725875848,40.74185695648193
2014-04-11,144.24258087158202,30.043806190490727,35.550046157836924
2014-04-21,150.09495880126954,39.145514087677,37.61471420288086
2014-05-01,157.10466522216797,64.56979827880859,37.35041759490967
2014-05-11,163.0565106201172,68.75692047119139,32.292508354187014
2014-05-21,167.7660009765625,89.06505737304687,29.46591583251953
2014-06-01,170.5534405517578,80.67260490417479,28.303231048583985
2014-06-11,171.7143408203125,53.85078918457031,26.300625915527345
2014-06-21,171.9286260986328,78.18706439971923,25.791607437133788
2014-07-01,170.90834625244142,84.77233757019044,25.891683769226074
2014-07-11,168.28776092529296,61.90975746154786,25.559633331298823
2014-07-21,166.04308410644532,88.05422927856445,26.26449318321384
2014-08-01,165.7425164794922,69.66440925598144,26.502061681544532
2014-08-11,167.22858856201168,85.91202896118166,26.045092811584468
2014-08-21,170.84290588378906,112.45702133178709,26.854164962768554
2014-09-01,172.84505645751952,61.297783203125,25.844015502929693
2014-09-11,174.43644958496094,101.11787872314451,25.873435935974122
2014-09-21,175.95459808349608,80.78496734619141,26.434115753173828
2014-10-01,177.6047134399414,68.18617530822753,26.21545301437378
2014-10-11,177.78818603515626,54.63088905334472,26.5612109375
2014-10-21,176.37491760253906,25.30976739883423,26.787989540100103
2014-11-01,173.42718078613282,5.994055123329162,29.5088289642334
2014-11-11,168.88426788330082,7.9963510036468515,28.6309118270874
2014-11-21,164.14710510253906,6.528377512693405,29.93320514678955
2014-12-01,159.2726953125,1.490836273431778,31.96122772216797
2014-12-11,154.5708901977539,0.4246022569919956,32.36489154815674
2014-12-21,150.03231079101562,0.3670650737927456,34.63444553375244
2015-01-01,145.62794799804686,0.5487679652677104,34.51684814453125
2015-01-11,141.44094863891598,0.594017643153411,34.477251052856445
2015-01-21,137.89523452758792,0.9584581944031548,38.175763320922854
2015-02-01,135.0830842590332,1.8128481415938007,41.79069801330567
2015-02-11,133.01226516723634,1.8754634454799817,41.82935424804688
2015-02-21,132.10149673461913,1.7241939637064934,42.59524772644043
2015-03-01,132.18411270141598,7.848256862390863,40.659039192199714
2015-03-11,133.32395889282228,4.050863326759872,41.98561614990234
2015-03-21,134.86439727783204,10.456271106004717,45.07005851745605
2015-04-01,136.19673233032228,9.382521903514863,41.179795341491705
2015-04-11,137.41259658813476,8.377995662689209,40.67654121398926
2015-04-21,140.05344345092774,14.122146959304807,43.76683265686035
2015-05-01,144.78566619873047,82.75255737304687,38.00306568145752
2015-05-11,151.3513427734375,43.111407356262205,33.64803039550781
2015-05-21,159.05772369384766,45.87265338897705,32.813287353515626
2015-06-01,165.56041717529297,90.80988891601562,29.06165428161621
2015-06-11,169.5275042724609,77.70080436706544,28.120420265197755
2015-06-21,171.8216339111328,63.81775260925293,29.357044830322266
2015-07-01,173.33149841308594,79.50732643127441,26.538384475708014
2015-07-11,174.171025390625,81.50084915161133,26.658396682739262
2015-07-21,174.8870394897461,103.28440696716308,25.823124046325685
2015-08-01,175.79771545410156,99.93283500671387,26.62900115966797
2015-08-11,177.31416046142581,88.42295524597168,26.80695240020752
2015-08-21,179.0721484375,87.59720283508301,27.636383056640625
2015-09-01,179.85256744384762,99.66690299987793,26.744995803833014
2015-09-11,180.04158721923832,105.25279975891114,26.997291793823237
2015-09-21,179.4895620727539,88.22641876220703,27.02938926696777
2015-10-01,178.44658264160157,33.13891647338867,28.83965305328369
2015-10-11,176.48323608398437,38.46168087005615,25.99626945495605
2015-10-21,174.58092742919922,64.9258006286621,27.301445693969725
2015-11-01,172.27331359863285,12.763807244300844,28.119989852905274
2015-11-11,169.42043029785157,5.9657955169677725,30.03671501159668
2015-11-21,165.22570220947262,4.549946355819702,31.371040802001954
2015-12-01,160.13167510986332,4.269516159892082,30.00706214904785
2015-12-11,154.73183990478515,0.42904158028188377,32.10170043945313
2015-12-21,149.62552703857418,0.4430154297990805,33.24274501800537
2016-01-01,144.95855789184571,0.5756044621111732,35.83415607452392
2016-01-11,140.74269500732422,0.5637002918599557,35.61094062805176
2016-01-21,137.19608016967774,0.9346635284332558,36.95622650146484
2016-02-01,134.45202407836913,1.4921919256104732,40.99620964050293
2016-02-11,132.50643371582032,1.7836566042201594,42.108454513549795
2016-02-21,131.29596023559571,1.6842144317924976,43.00878662109375
2016-03-01,131.06517990112306,3.109940300886805,46.13248405456543
2016-03-11,131.95790542602538,7.9014535349785495,42.96415802001953
2016-03-21,133.67584594726566,7.081411525011062,45.352919311523436
2016-04-01,135.95326751708984,8.17051061630249,44.150439453125
2016-04-11,138.5083673095703,14.13722590446472,42.372154808044435
2016-04-21,142.38390014648436,15.992365255355836,45.03364791870117
2016-05-01,148.21084594726562,132.58655258178712,38.382132301330564
2016-05-11,155.12934936523436,80.95174163818359,34.68426666259766
2016-05-21,162.1178863525391,68.1571088409424,31.958225440979003
2016-06-01,167.3530828857422,87.72830238342286,31.28081512451172
2016-06-11,170.35821899414063,83.87890411376955,29.02484596252441
2016-06-21,171.65717651367189,70.8749912261963,25.362336616516114
2016-07-01,172.85784698486327,62.06821105957031,26.377897186279302
2016-07-11,173.564248046875,112.85978622436524,26.895747261047358
2016-07-21,173.9761557006836,108.65538436889648,26.888630290826157
2016-08-01,174.05545318603515,88.19598091125488,26.991482620239253
2016-08-11,174.78918395996098,77.35254135131838,26.69434490203857
2016-08-21,176.1539007568359,105.32807609558105,27.197013244628906
2016-09-01,177.35239959716796,57.72519660949707,26.997072105407714
2016-09-11,177.72260223388673,71.946640625,26.98280193328857
2016-09-21,177.53589111328125,76.00265357971192,26.183599243164068
2016-10-01,177.00219329833985,43.45217716217041,27.09169418334961
2016-10-11,176.60238586425785,48.30512771606446,26.099355735778808
2016-10-21,175.68408905029298,37.52538013458253,27.075735206604005
2016-11-01,173.25936798095702,2.373216409683228,28.85466136932373
2016-11-11,169.22222045898437,1.814472702741623,30.361858673095703
2016-11-21,163.82414123535156,2.3777718544006348,31.79738754272461
2016-12-01,157.78431854248046,2.690629804134369,33.15258083343506
2016-12-11,152.07832763671874,0.33639211953810205,34.510580101013176
2016-12-21,147.12998321533203,0.3141493034437805,35.26781105041504
2017-01-01,142.83966918945313,0.4641953909912728,39.867600479125976
2017-01-11,139.10115386962892,0.5059423404316715,39.867600479125976
2017-01-21,136.10976684570312,0.8534293398079427,40.56310188293457
2017-02-01,134.07422195434572,1.4296921837719891,41.25767219543457
2017-02-11,133.2169938659668,3.837806051520165,40.51584396362305
2017-02-21,133.07910827636718,2.4136371275782587,43.249686813354494
2017-03-01,133.4910739135742,3.9764317190168796,45.286481704711925
2017-03-11,133.71531677246094,4.025669915444318,43.6881526184082
2017-03-21,134.32016723632813,3.3172659826278688,44.497842178344726
2017-04-01,135.38022994995114,14.169331941604614,44.193779640197754
2017-04-11,137.1219281005859,13.07844792842865,38.502420501708976
2017-04-21,139.05066009521485,38.63761487960815,39.427858428955076
2017-05-01,146.68683578491212,36.33858982086181,38.1116145324707
2017-05-11,153.71398162841797,91.2666780090332,35.540568580627436
2017-05-21,160.42870880126952,57.67554344177246,30.18093765258789
2017-06-01,166.49026763916015,64.07398963928223,29.06661476135254
2017-06-11,170.9874530029297,81.6035107421875,28.958955230712892
2017-06-21,172.01953887939453,79.7531633758545,26.45773231506348
2017-07-01,171.2650946044922,82.05266105651856,24.030928287506104
2017-07-11,169.50088287353515,101.29228530883788,24.85062154134114
2017-07-21,168.9705142211914,123.26048812866209,25.6420645904541
2017-08-01,170.7024090576172,100.06476974487305,26.44401189804077
2017-08-11,172.3285678100586,88.12073570251465,26.368901933942517
2017-08-21,173.61027130126953,134.4357600402832,26.287226753234858
2017-09-01,175.28889770507809,83.43726501464843,26.058757781982425
2017-09-11,175.76291839599608,91.08107849121092,26.5409827041626
2017-09-21,176.19482360839845,101.2653505706787,26.02861351013184
2017-10-01,176.2275717163086,34.92866092681885,26.95726375579834
2017-10-11,176.52513153076168,52.58592399597168,26.1599829864502
2017-10-21,176.652890625,38.086976585388186,26.96374713897705
2017-11-01,174.48180084228517,7.4288167810440076,28.237301597595216
2017-11-11,170.6062484741211,4.442065582275392,29.135307731628423
2017-11-21,165.41909576416015,3.2612949895858763,30.638623657226567
2017-12-01,159.69351928710938,1.3576845848560333,32.12664714813232
2017-12-11,154.10054626464844,0.30137947284372985,33.59670181274414
2017-12-21,148.72080352783203,0.2892299673511524,34.563655014038076
2018-01-01,143.92110717773437,0.4924946374942611,34.175714149475105
2018-01-11,140.19932159423828,0.5045203294323732,37.52982536315917
2018-01-21,137.33000915527344,0.7957832129320184,37.040201339721676
2018-02-01,135.1052755737305,1.6304260997884064,40.89522933959961
2018-02-11,133.66788757324218,1.9372263467940505,40.33316860198975
2018-02-21,132.63077239990236,2.172182290926576,40.89180488586426
2018-03-01,132.67572952270507,2.990104526663968,43.17968193054199
2018-03-11,133.92494232177734,3.233497164369348,44.5319709777832
2018-03-21,135.58383209228515,16.078143534660338,40.4123274230957
2018-04-01,137.8629800415039,8.160366191864014,38.2465885925293
2018-04-11,140.05366439819335,5.521792783737181,42.67012351989746
2018-04-21,141.87315536499025,12.45486120223999,40.876572494506846
2018-05-01,144.0703193664551,79.05357887268066,41.10050724029541
2018-05-11,146.9330682373047,59.41343017578125,35.227693939208976
2018-05-21,151.67911499023438,66.8227841949463,31.051280632019047
2018-06-01,157.72720336914062,76.15188537597656,29.16458374023437
2018-06-11,162.07986846923828,78.83677116394044,27.973790382852357
2018-06-21,164.66672729492188,91.38571868896484,24.703895339965825
2018-07-01,167.42852020263672,111.59805976867676,25.287302932739262
2018-07-11,170.22186126708985,62.03585556030274,26.043651237487797
2018-07-21,173.1569091796875,52.74193576812744,27.375401077270514
2018-08-01,174.85059844970704,87.59311698913574,26.7724755859375
2018-08-11,174.88187377929688,79.67615753173828,26.496804885864254
2018-08-21,174.10406829833985,106.40443786621094,25.92386043548584
2018-09-01,174.68640197753902,91.94298561096191,25.901317024230963
2018-09-11,176.05502319335938,89.72413757324219,26.627106246948237
2018-09-21,176.39686889648436,52.23193439483643,27.330911712646483
2018-10-01,175.39671295166016,45.56340888977051,26.99433883666992
2018-10-11,173.44798858642582,41.88880958557129,26.019198837280275
2018-10-21,172.00926177978516,37.22094573974609,26.100901317596435
2018-11-01,171.78874816894532,16.674046125411987,28.732963943481444
2018-11-11,170.92012512207032,8.106863331794738,29.8445068359375
2018-11-21,167.7664202880859,7.106759881973266,30.821047286987305
2018-12-01,162.8827963256836,2.1085009551048284,31.129749908447266
2018-12-11,157.23683380126954,0.5105206780400929,32.67870304107666
2018-12-21,152.2502505493164,0.34093812329080536,33.739953422546385
2019-01-01,147.26360794067384,0.4575309226055663,36.46765899658203
2019-01-11,142.6153109741211,0.4885989939342278,38.54231426239013
2019-01-21,138.339532623291,0.8169691332797479,38.288166542053226
2019-02-01,135.01400268554687,1.0336867319641228,39.538614616394035
2019-02-11,133.24179229736328,1.2853971296106466,38.808024940490725
2019-02-21,132.9848652648926,1.9684413420408964,41.36727043151856
2019-03-01,133.60015762329098,2.6722161255429437,43.40905982971192
2019-03-11,134.50035614013672,2.5280975972497797,46.22871681213379
2019-03-21,135.0291032409668,2.6507198637723923,44.90138427734375
2019-04-01,135.50697525024415,11.73337562084198,46.61659042358399
2019-04-11,136.310947265625,9.775179977416991,43.17331970214844
2019-04-21,137.63519941057478,14.52907949447632,45.01824501037598
