DT,SM,TMP,P,LST,NDVI,PET
2002-07-01,0.6798153981610465,-0.919990619980022,0.6388800872475316,-0.8915507834143166,-0.3137607701335104,-0.5341012939383031
2002-07-11,0.7823686407600157,-0.8474096205995798,0.6138467848269719,-1.0215795431057928,-0.3786245359822282,-0.7078588035776364
2002-07-21,0.8497316319507938,-1.4431011829309592,1.3948989332199007,-1.0739643193459496,-0.7960820049366014,-0.21198898351049328
2002-08-01,0.7902208572724484,-2.168101392294325,0.14614254571020982,-0.9768882474025615,-0.6007638018700616,-1.5758828147089423
2002-08-11,0.7913401598849023,-1.6754808263271828,0.19137436414654554,-0.9768882474025615,-0.1184312037329466,-0.6302908954155804
2002-08-21,0.868258190170251,-1.3792342052022886,1.7889241333215051,-0.6884824731620365,0.552705044455552,0.19898969088501203
2002-09-01,0.8084806525768891,-0.5955532995764748,-0.35885835638177427,-0.7061384219531294,1.21820310777742,0.2973167821036798
2002-09-11,0.8115664806014392,-0.8402243060445717,0.20920459363404129,-0.5541891212009048,1.5728288764828207,-0.7453324762007361
2002-09-21,0.9009112868049706,-0.7510892636856759,0.903509172265182,-0.8453833320704118,1.664070419173497,-0.3520840980668772
2002-10-01,0.6763169176662919,-1.0415898917942124,-0.826344396208744,-0.6127842362435546,1.6432985924343047,0.8420603186626786
2002-10-11,0.3829076234784715,-0.7009985859885929,-0.9028132752999487,-0.5635680117852184,1.4800104972676928,1.29824336448332
2002-10-21,0.42156977089246905,-0.9798000395742064,-0.2824715749240902,-0.5993234964661296,1.2447786993933128,1.0100751945866713
2002-11-01,0.1318304367158958,-0.3305296960610337,-1.1570888982382785,-0.15857779732479155,0.893395887075562,0.7604197445574113
2002-11-11,-0.3331270346236321,0.14737790370398227,-1.2402761580839134,-0.08466113373576603,0.4903168620906899,0.5504337184601381
2002-11-21,-0.6182739078968608,0.6284932714047976,-1.2438097870341014,-0.3108098855988297,0.08676405564843814,0.32033902287392324
2002-12-01,-0.8516096012618628,-0.15661558881006796,-0.7302362707570086,0.11892641644254437,-0.21173971369215988,0.48195271713630955
2002-12-11,-0.6516382065503529,-1.120084509791742,-0.41151436457207324,-0.5002704196985878,-0.31847168375328433,-1.1381128641040037
2002-12-21,-0.38976687575069274,-1.0823533968640597,-0.2543759411414802,-0.2730329119924685,-0.2579381598345299,-0.573776854558237
2003-01-01,-0.3283968972148204,0.1158133661996285,-1.0984820489394278,-0.13718292356693232,-0.15090828324168618,-0.2595395871277746
2003-01-11,-1.2651753401915296,0.9011401755466812,-1.118360758472835,0.7167754901760511,-0.07115208961670641,0.4400929568272008
2003-01-21,-1.0628436636229572,0.4166951509919271,-0.9313567290880653,0.3401740162233952,-0.16938670426320251,0.11041117384585794
2003-02-01,-1.5016959673537096,1.5039642562210225,-0.9638197203343414,1.3152330705891986,-0.4516044637700166,1.2563977224293263
2003-02-11,-2.4247645393808916,1.738329694111209,-0.9362710929086444,1.4605928898093985,-0.7448638308359546,1.1998069500876987
2003-02-21,-1.848280272180611,0.32996131873869883,-0.02270560441466703,1.245480059171512,-0.8652122223372531,-0.9722563208316989
2003-03-01,-0.3050744179544416,1.8857533098774715,-0.7403610144160264,1.2430125990042304,-0.7316139514588849,2.319077728720888
2003-03-11,-0.8734550812885823,0.8927640359441678,-0.29375276651405746,1.0433642738014417,-0.34536478613678334,0.4754027832855207
2003-03-21,-0.2895400327634159,0.13207912309114994,-0.32892505930916666,0.6189874828187406,0.015773564393181505,1.3998232629521452
2003-04-01,-0.6268244112297862,2.060388643753062,-0.6953640995299449,1.8756736338495528,0.2875686536234019,2.736918103951895
2003-04-11,-0.17720891403654584,-0.21001565687026452,0.49536757953537147,0.08579393274293624,0.39438453180187066,0.029526774892865097
2003-04-21,-0.01160534828365732,0.6735846265407146,-0.3437197073406519,0.17324978252119863,0.40401793902027067,0.8923603626842139
2003-05-01,-0.3011535473616677,1.1264861287400223,-0.7600374103812575,0.39836939278146494,0.3493415015120679,1.7069556751697945
2003-05-11,-0.5944993393200781,0.6626176290850374,-0.8959471850519328,1.0709788246110548,0.2761727286957917,1.3163217408676502
2003-05-21,-0.8589640894750132,0.7895221346458756,-0.7270195344541693,0.2602803570405221,0.20377632301831725,2.7800370506622367
2003-06-01,-0.04169269201069558,0.6037247831544844,1.668725021458358,0.13101375970629858,0.19183972867007862,-0.1891620217975977
2003-06-11,0.6472806639770761,-1.1460323928730953,1.2787006232537947,-0.7881735939671787,0.16603717506037102,-1.4517832431028297
2003-06-21,0.5753055371753589,-1.425875488201241,0.9753835011532326,-0.7873013558505422,0.004010898626946951,-1.4147630129222584
2003-07-01,0.7917934541097957,-1.4470195961055579,1.6079338448124527,-1.095577073502363,-0.5257081027145647,-1.0867635643891287
2003-07-11,0.8713179883462657,-1.34510977898293,1.26879100913892,-1.0082851602191758,-1.1779153140548269,-1.3099159301721601
2003-07-21,0.728985017018694,-1.3371429760993196,0.8778047281571401,-0.9080082979054731,-1.6172445009717349,-0.912894664885623
2003-08-01,0.8749482464860925,-1.4506789524921717,0.31434011468122686,-1.2629637200773098,-1.746961058603877,-1.436747697490868
2003-08-11,0.8842642792764608,-1.310375707827756,1.175172647705276,-1.2865231697322852,-1.3147640616614469,-1.2299066165829773
2003-08-21,0.9457226860738828,-1.1550717275537985,1.3434065933807993,-0.491921442684697,-0.3755365499611336,-0.46683835827739467
2003-09-01,0.9569188679111245,-0.8316775303922513,0.7282481779477075,-0.7441766213004692,0.41995128794826225,-0.7835651018572327
2003-09-11,0.8606071715182259,-0.6636704303693319,0.3906459668548534,-1.0891742098125563,1.0097455942180802,-0.112550014567411
2003-09-21,0.8990546539653355,-0.425594706253474,0.9443987037058178,-0.8771867604796604,1.3244476222816892,-0.3280775455768227
2003-10-01,0.7229971136129493,-0.5138535866688618,-0.8917311591194572,-0.8080233446672954,1.4883093421940614,1.011356498413992
2003-10-11,0.4897694931626897,-0.18502950946097133,-0.5976484375787127,-0.6309950570243714,1.4542594679298257,0.9809403901302128
2003-10-21,0.2975069991585362,0.6390648719443125,-0.767897356045465,-0.4044862888893256,1.2112382536634514,2.3851176802145364
2003-11-01,0.06255049895541454,-0.3498375987388467,-0.8482307722353334,-0.014978006713269185,0.8511678246269916,0.18980940640036337
2003-11-11,-0.1118682838813175,-0.23681163248900478,-1.0691094098369684,-0.032530247411634135,0.5005888025451941,0.7852874630792084
2003-11-21,-0.6730953973019306,0.35764587769855,-0.7243128256306653,0.2474406588203713,0.20393534343614722,0.582155328767601
2003-12-01,-0.07378678214282726,-0.3657210655030179,-0.6897686164486033,-0.26365485948350376,-0.007598958456525036,-0.558933752029931
2003-12-11,-0.6572678996777548,0.5121013700171082,-1.213593137464008,0.722965316391276,-0.25413502089580053,0.4068471594137686
2003-12-21,-1.4023619178434865,1.1041858185887168,-1.1884716574577832,1.3635064986634133,-0.606607379827416,1.2858926937839823
2004-01-01,-2.218603016088958,1.2403899229612396,-1.1364686423919037,1.5508797069412967,-0.9856452176702246,0.8637607034703355
2004-01-11,-1.799186828949291,-0.11377597577388629,-0.6882025814241478,0.21323426152818914,-1.20654669181613,-0.9028634245786653
2004-01-21,-0.7707154030073939,0.3556578741359941,-0.42718219107044125,0.33124160441763917,-1.169836952594247,0.39146635909052446
2004-02-01,-0.35622274245560853,-1.2269901961582972,-0.817848979640906,1.0899963856807415,-1.023239507966299,0.16444856644971445
2004-02-11,-1.526254420433854,0.4061544141457741,-1.1770510456388268,2.3077146239120907,-0.98096604187551,1.819075762959433
2004-02-21,-2.5183040036267528,-0.018760746072169265,-1.207748741421796,2.400979423447648,-1.2055451116531877,0.5297251991668945
2004-03-01,-3.1360692759194695,1.8724232153395834,-1.1048220481885935,1.8597576872915216,-1.44962555098397,2.154756079191411
2004-03-11,-2.629107552482144,0.3564771802426102,-0.8370103035774444,1.21347156246729,-1.6085829818226327,0.812186330250751
2004-03-21,-2.169629326007759,1.3830500961869887,-0.5750988507051283,2.24328207947778,-1.5487295600710822,2.626758798865188
2004-04-01,-0.4469675976824436,-1.2964442615876703,-0.16903914152832886,0.48323328661901294,-1.3013749151840732,-0.6065258531070415
2004-04-11,-0.37845248446695545,-1.4003655701023567,-0.1638653923638458,0.8013410675739687,-0.8784625986531283,-0.31468337915056965
2004-04-21,-0.10267446323799055,-0.9583506373364898,-0.004157284052446986,1.1882723640102297,-0.3615104521695204,0.43856765716047813
2004-05-01,0.07189616265870033,0.6169152160529665,0.2515532819637783,0.3239611606805251,0.09127583760644654,0.043147423128574725
2004-05-11,0.006781637270486677,1.9715631293363338,0.012073965218395972,0.5989259741483984,0.38946098634944026,1.1645846849771881
2004-05-21,-0.12529301364604983,-0.1378162833149306,0.4600486401130048,-0.4429848475049306,0.4604824865861758,0.5794535489168358
2004-06-01,0.3474611527876212,-0.4418104823091491,0.5739511115022792,-0.7345473914247056,0.39526610124323025,-0.5442758609403935
2004-06-11,0.46682815842528,-0.8142198254660868,0.9232889481310373,-0.8081196593573791,0.18947454842422431,-1.7710246292379204
2004-06-21,0.6968339191412452,-0.9958770713602442,0.6755391538435888,-0.8573384172343327,-0.03231458266340773,-0.9362390588881094
2004-07-01,0.5264307192620802,-0.7823778416003745,0.14876019411334349,-0.9948793452985588,-0.33982068835070317,-0.8082120633283788
2004-07-11,0.8510910583449357,-1.3260825809108312,2.0604393559109497,-0.9497776165868719,-0.566409254424037,-1.0469802666954653
2004-07-21,0.9095978901531139,-1.437769266377326,1.7895385627501244,-1.0309677015666288,-0.6488143803529387,-0.9739695235596421
2004-08-01,0.8648425068340917,-1.5433650910601124,0.6594951342454055,-0.823823719994748,-0.3743380577964251,-1.342392978032285
2004-08-11,0.872759534308744,-1.1096060117395956,1.3391396443559058,-0.7172302916385983,0.13074159944488464,-0.7221793423059194
2004-08-21,0.9953264326415273,-0.6780168282639867,2.149425206582907,-0.7229134021428925,0.670441368229996,0.5192592415894368
2004-09-01,0.9717497750659351,-0.6780684698554608,0.7722566753592695,-0.8893806928534432,1.0393584261206916,-0.3177201418898468
2004-09-11,0.8981716281705014,-0.7643879040393167,0.6924019925472239,-1.0110681461596187,1.1947347916905944,-0.37539661157059606
2004-09-21,0.9323425051367284,-0.9007932761764383,0.7587584208464458,-1.1926753320512107,1.3456515041832093,-0.47854945089544226
2004-10-01,0.8942531346080864,-0.9072337655602758,0.32254575384194223,-1.056992308281052,1.5335259283617668,-1.0179788709479407
2004-10-11,0.8539600520208676,-0.4349366147917048,-0.04770284741576491,-0.5146569874999231,1.5366332867139698,0.4069255315730863
2004-10-21,0.4320367126023997,0.5932388512438415,-0.8314855096239387,-0.5743012427983919,1.3102459808569458,2.1214671348412124
2004-11-01,0.17980014430975616,-0.5478159600452467,-0.9350181364580595,-0.35441419757252873,0.9329063071480124,0.6734256759844636
2004-11-11,-0.22702737201879622,0.2848840615727276,-1.1004689558887581,-0.16387603931757647,0.47371671239086527,0.6916403903516072
2004-11-21,0.12709847145270617,-0.5104977531429873,-0.2241363732389988,-0.4424610823985104,0.0848978765043574,-0.15393991512137323
2004-12-01,-0.2108887293173715,-0.01800011999751541,-0.6361969813465145,-0.177294617294103,-0.19032310885253784,0.16220149299498798
2004-12-11,-0.26811495651164263,0.5096389439320083,-1.1180947240274557,-0.30883911622588506,-0.31416634673980376,0.5048096123666581
2004-12-21,-0.4037880625411425,-0.4358562779880137,-0.7231133203966381,-0.5262404683474488,-0.3222517895783676,0.08089851066278418
2005-01-01,-0.8713623929410542,0.540795299338035,-1.1052868278703074,0.7548142322464846,-0.3180528637278205,0.5850694809746118
2005-01-11,-1.0804443302667852,0.24132018773775898,-0.9477065597870642,0.6840745470416925,-0.4059959378250852,-0.6674488305147618
2005-01-21,-0.6944320043088724,0.902374090612268,-0.834316693046744,0.7224190213457282,-0.6388228251960931,0.6626885405255581
2005-02-01,-1.2851649291760185,1.1331550906472168,-1.247674757458899,1.466405427510147,-1.0128100047811255,1.4571762626357092
2005-02-11,-2.049192407393889,1.7419973279147274,-1.22742566295466,2.0123003613856683,-1.4650537409101514,1.8477508192888479
2005-02-21,-2.4960646851885038,2.667867202946308,-1.2622303306718945,2.701026467349752,-1.8484223383275145,0.11580286857987197
2005-03-01,-2.440129653371272,1.9682326552851859,-0.6434662246667383,2.297192033435346,-1.8615178560880492,1.3955002690793008
2005-03-11,-0.15478260937398958,-0.7217914862568857,1.263767263292327,1.2132008406715131,-1.5613519092654398,-0.6855799399902542
2005-03-21,-0.017089778900084427,0.00620544590846696,-0.44773562306131115,1.4423301989884143,-1.1021053736034654,2.5370101777417426
2005-04-01,-1.1083953862647513,2.753125967873227,-0.8804221235171454,1.715164776323464,-0.6766533063653738,2.5561255910153307
2005-04-11,-0.6716105115186972,0.5512063918009127,-0.06687588827242034,0.5378745252950614,-0.36683954109898914,0.3144788802102727
2005-04-21,0.13355581786257792,-1.066947711039356,0.21566648587758297,0.44138436718322194,-0.10827383252010288,-0.05249881740828733
2005-05-01,0.5324905961416331,-0.7019437958241541,1.345051479780822,-0.14903806984469142,0.26896262285772476,-0.3585149280642279
2005-05-11,0.28993171078117336,-0.04013517178387038,-0.40786015865978953,-0.11228804455742009,0.6417346214164931,0.22915944793969945
2005-05-21,0.5817404657299551,-0.6060581324677642,1.0076047563575388,0.0889136575724375,0.9174540363955273,0.6603108203995888
2005-06-01,0.7006560883297712,-0.4864383337316982,1.126300522832763,-0.15340016141220983,0.891597958335292,-0.1856470779824834
2005-06-11,0.8184790214943828,-1.087666652323976,0.8878419942213358,-0.8803159056599519,0.5921107678039438,-0.9437098295230717
2005-06-21,0.8008477198472295,-1.74916074770238,0.5838845952743652,-1.2642509067865157,0.16957548288606042,-1.6404561013041261
2005-07-01,0.8570009978871476,-1.568164034405184,0.6466245358850254,-0.8319542237730717,-0.040721710555543245,-1.4928944489487415
2005-07-11,0.8601127218815081,-1.2171317794411798,0.9668934624897433,-1.3329845903997817,-0.05715390322134965,-1.0522531137114688
2005-07-21,0.9554263387457899,-1.4081408193236924,1.622325410993737,-0.9607679032230881,0.1154660111436262,-1.125042797011122
2005-08-01,0.8352164436075067,-0.8880434575610667,0.4402717632656772,-1.0370451126620108,0.38554448738681346,-0.5567829053981781
2005-08-11,0.9823844927697716,-0.8010558460321484,1.13669929843579,-1.0012165650838492,0.6161887159941597,-0.5610774163074607
2005-08-21,0.8983120983696924,-1.0572182664949143,0.9681998000919149,-0.6380043631267974,0.8196699381879993,0.2259925226339357
2005-09-01,0.8633458930016469,-0.6002580357238292,0.49755443584220266,-0.6772247861100923,0.9895583041725948,-0.5245056827791715
2005-09-11,0.9483990924769624,-1.1263161262046675,0.9332481733878172,-0.734554455354979,1.1809910586695513,-1.7002009789773418
2005-09-21,0.9341953729788535,-0.44085289852614484,1.3156715095683151,-0.7745043131067187,1.3793161680498673,-0.1768760503788407
2005-10-01,0.8834837390089173,-0.5330013081489271,0.21066089521487166,-0.9995807294325734,1.4980666321155682,-0.10534666780154882
2005-10-11,0.7901959462675154,-0.3271083918579915,-0.6260973484588915,-0.6938943820564231,1.4658225920597752,0.6918206181519438
2005-10-21,0.4588314799419832,-0.10340433284732131,-0.4866982475941767,-0.5165790749310422,1.3203380004756875,1.4866792525255361
2005-11-01,0.337216336368017,-0.5479173847635577,-0.9000068789997958,-0.4062814921388873,1.0417932606224833,0.813991292835039
2005-11-11,0.09854050769210217,-0.4802837579267716,-0.43473672609692476,-0.1696476062227255,0.7237322368189144,-0.16805326757564854
2005-11-21,0.09103875698381499,0.009475842784027157,-1.1373725505837422,0.04710901431848637,0.3646081242090428,0.4345500189649795
2005-12-01,-0.4317070627820072,-0.7980979480060263,-1.2379766775266723,0.3200586457511125,-0.07329795420296717,0.33583455426435815
2005-12-11,-1.00969100389979,0.10296900313922921,-1.2675184497330438,1.2902793983547176,-0.5450467662203563,0.7853134286980302
2005-12-21,-1.8179588729298397,0.5063579630345045,-1.2527119456156963,1.3698105526296482,-1.0110163662792053,1.4084394386466612
2006-01-01,-2.338631963206487,0.9207655751575243,-1.1085549632895488,1.2157377779251002,-1.4373909797043456,0.44830655100522027
2006-01-11,-1.5875980603804685,1.4559226688960478,-1.163457728708803,1.4145062146414809,-1.7605297035190308,0.914668341211916
2006-01-21,-2.4335269460905513,1.7272810955598734,-1.1761140924925568,2.081694066656288,-1.9852284734315435,1.5237248233896974
2006-02-01,-2.3314742569051057,2.183047796624301,-1.0385477807099255,1.7950489298552612,-2.163717028034305,1.493724798744196
2006-02-11,-2.561958955085539,1.504043155293648,-0.33819453735037475,2.071863117588192,-2.2359800056424355,0.9234140457357778
2006-02-21,-0.9284774939660745,1.3837852573421108,-1.1566028599524583,1.8087555562489939,-2.161571618975285,-0.6898198922933435
2006-03-01,-1.8184995756156157,1.9865930467946449,-0.9152886135678112,1.7015274510841925,-1.8826803264224283,1.1220688623796955
2006-03-11,-0.5382774894187615,0.17298000164821398,0.5339705965683917,1.0684884239970012,-1.4175345680803406,0.2040276775584859
2006-03-21,-0.24472678105015147,0.004046186807893912,0.3663624210762749,0.41904842223960787,-0.8285944167944279,1.1923771303142883
2006-04-01,-0.24095307459263898,1.3743476444660443,-0.4895886642006481,1.0202013798639717,-0.26532554445037754,0.8697445815496717
2006-04-11,-0.289804798426486,0.6359493075789477,-0.3787548611322384,0.3033608367338239,0.21351593020065143,0.6444100827646808
2006-04-21,-0.18897007090834989,0.7244943388240458,-0.49420828043646303,-0.16454615306550543,0.5375366168665865,0.37294198491464986
2006-05-01,0.01803363833786564,0.3134686709958375,0.36087471784718167,0.27022025590417564,0.696819542622998,-0.10346589001125596
2006-05-11,0.16946567696068934,0.4370062845072612,-0.07864284377795923,-0.1737730214727647,0.6785757388351461,0.6676582719489598
2006-05-21,0.38797693169889735,-0.2920062919848477,0.844462932226804,-0.4608338905627758,0.6446044430195602,0.5226968254642724
2006-06-01,0.6221104944292025,-0.5889139676584655,1.9063622549068227,-0.7741696000995484,0.6532702896774267,-1.200462014127883
2006-06-11,0.800294226962186,-0.6819314137922972,0.5859935239062114,-0.943113872622266,0.7055332196409189,-0.8376820636794423
2006-06-21,0.8039756527296379,-0.5824044514715337,0.944914932127932,-0.8058600066906393,0.7238315210511396,-1.0569697067570734
2006-07-01,0.8712827495542608,-0.9241921102683748,2.2084328247522764,-1.0000895350006143,0.5825819454983681,-1.445172797037522
2006-07-11,0.8998529946383829,-0.9389247656510339,0.9557594726473001,-0.9880288203549298,0.16772111432092165,-0.8441426837232007
2006-07-21,1.0096115039544857,-1.4578771286768186,1.8985903731976814,-1.1176999043949984,-0.6019535893233571,-1.300807675194311
2006-08-01,0.9215654934776467,-1.9347219555611124,0.7093164209246987,-1.8428504250525308,-1.0373326303793307,-1.9250349926600208
2006-08-11,0.8938259180455546,-1.4638326905997754,1.114960433985312,-0.6594203977541285,-0.967970636578536,-1.0838833963361054
2006-08-21,0.9466928559874298,-0.8424968655842091,1.4576014246820392,-0.6870011003423683,-0.4244300484697487,0.31177781331378857
2006-09-01,0.9563824718852348,-0.8937096789490743,0.8842848650620302,-0.8943594468745909,0.4931510573225415,-0.6642408707293594
2006-09-11,0.8977565973038267,-0.5647034722080202,0.5634239550171152,-0.9095954381637212,1.001033532251279,-0.5217886888361598
2006-09-21,0.8504491167067028,-0.5441665681923661,0.1850298714829417,-0.8516998281502136,1.2313849810789268,-0.333953481498048
2006-10-01,0.8706539977022959,-0.37701723526735564,0.5370233042174061,-0.8481916671245687,1.3122552493889832,0.19617826218682272
2006-10-11,0.7778229704697767,-0.38300739626576047,-0.5211918952576398,-0.8430504693634209,1.3467102116030265,-0.14905122283440705
2006-10-21,0.6983881349765976,-0.4589047585468054,0.3593878478836681,-1.063562898997578,1.2903602498434141,0.6589548341713934
2006-11-01,0.5348129138184338,-0.08467156302184373,-0.8850401727723805,-0.5278393743043682,1.1640718659741334,0.739381736524562
2006-11-11,0.3892607330088021,-0.21735532679774971,-0.45088904717785155,-0.5981174250015613,0.9542132624401555,0.49923335929520285
2006-11-21,0.5294872182838939,-0.40286809595085443,-0.5979642043333999,-0.9059504288163824,0.769003237785843,-0.1717807201765325
2006-12-01,0.5003352223417584,-0.13619945863378122,-0.07837912533341335,-0.8056541557655048,0.6272049175568455,-0.6701298114647574
2006-12-11,0.16810121372118242,0.1378436717564253,-1.0433501296042937,-0.1932930705577531,0.5309999459334219,0.044265291429317656
2006-12-21,0.04806947290992843,0.08698598330196895,-0.5509109924647082,-0.4455788293275339,0.40240657353113884,0.4634669428332382
2007-01-01,-0.0811854598967843,-0.09064262533059292,-1.1603558338431,-0.009624299273087333,0.24642336285631025,0.16860469381353138
2007-01-11,-0.03903350541662149,0.05120823268347211,-0.58076258221068,-0.5422908481627134,0.09821302051124343,0.021396024241741387
2007-01-21,-0.2327480302729045,0.4799150429719356,-0.9490159436084826,0.10399809690236238,0.01629831106624619,0.841178792065021
2007-02-01,-0.27832981415207536,0.33247648040508365,-0.7225093642027587,0.36543631023880685,-0.03164988559918327,-0.15905112836068402
2007-02-11,-0.4453837304425337,0.38456958651354134,-0.7209849496995155,0.39534500168870923,-0.13398410045242692,0.37606886155409464
2007-02-21,-0.3772408000723471,1.1954841717646882,-0.9642917882193426,0.6321673852522373,-0.32457199686230187,-0.30727614066362613
2007-03-01,-1.0660692938192025,1.2134774440175844,-1.0391739070033676,1.7357385612174032,-0.5339430206047306,1.9318305913035454
2007-03-11,-1.3143748754789575,1.060077230090503,-0.018170725654787435,1.7563747059546895,-0.6549375981997388,1.2514614822532502
2007-03-21,0.14966611379392492,0.3210895094861621,0.2682310462961121,0.6335200079465021,-0.5588829298592692,1.9482066141876495
2007-04-01,-0.03858018250342801,0.6580787839714369,-0.14849077478490896,0.6887534385554541,-0.2547608324984783,0.7280634905164255
2007-04-11,0.27993192657434185,0.32198235016112814,0.1298609150970195,0.07630159383901478,0.1208347516486335,0.21431100441563067
2007-04-21,-0.008871777032677941,0.6719373283119783,-0.6460114555870433,0.7149297198482503,0.4352212442763879,1.2023668696406522
2007-05-01,-0.0015403869972849828,0.7319870223389143,-0.17721869209348343,0.39969735302935017,0.6169124038357826,1.0178865698866648
2007-05-11,0.40356615252129346,0.5904621337476632,1.0142688131687034,-0.18072616266541222,0.6581788441425569,0.9495433359749735
2007-05-21,0.5702834594552632,-0.6256900169338966,0.8857250113318053,-0.19250720964739937,0.6484905873034722,-0.3974113634456073
2007-06-01,0.6259913038637804,-0.47968828477225456,0.48505905147187656,-0.8580207129299434,0.5927473464140787,-0.41339848297309834
2007-06-11,0.856857891096811,-1.2226850694469222,1.1731313246997417,-0.9127294028104068,0.42813553878602834,-1.6730782969734617
2007-06-21,0.8324381732569177,-1.3995403195450675,0.366179656920625,-0.8676430494760121,0.11199613593264506,-1.8295551829379
2007-07-01,0.8894313012040395,-1.6340737046426357,1.5966283693463086,-1.2132524409908274,-0.27855092888548394,-1.066642229839537
2007-07-11,0.826121057977093,-1.6360985348020636,-0.03784430295122759,-1.0707097997992385,-0.6159486077338282,-0.5524240701694596
2007-07-21,0.9875670337001479,-1.6038287613772118,2.9639088407542458,-0.894881463325066,-0.968609244355463,-0.45350395678395505
2007-08-01,0.9808924622343688,-1.3201331347863627,0.9489606352581075,-1.1779766979366044,-1.1491044999730937,-1.5947715094018378
2007-08-11,0.8865192477597781,-1.0621301357739426,0.4319130906377725,-1.0537047817870764,-1.090020960666312,-1.2163719629560452
2007-08-21,0.9243171793392854,-1.1284150445176608,0.9523995963083066,-0.8676814879192477,-0.8399360097459442,-0.620460284843828
2007-09-01,0.8868721616319712,-1.1247885078254793,0.8902901285904866,-1.122760378032726,-0.30577567994561167,-0.8906917414912936
2007-09-11,1.0114217833360233,-0.8865334616443,1.764280757763568,-0.8133495694202544,0.3611015790553547,-0.6466459204758642
2007-09-21,0.949241285261792,-1.21300286417349,0.9570855364314199,-1.0093108428952107,0.9256298392736071,-1.309512684111861
2007-10-01,0.8858545399083715,-0.11768212571809529,-0.10309716745975062,-0.5912276885808119,1.317185979748319,0.5562486739055164
2007-10-11,0.5892249078321266,-0.11864038171170736,-0.7315842009508233,-0.5695588185622904,1.344264051037622,0.3809442629649836
2007-10-21,0.3631304276209358,0.024096212633840573,-1.1732055014986171,0.08354220234064484,1.20244239539054,1.9043151859164196
2007-11-01,0.04449079906109719,0.2662972141717394,-1.1203985917285726,-0.18246753610063937,0.8306194671275761,0.40697102861840573
2007-11-11,-0.16721363116018956,0.1829234991394313,-1.220654891728766,0.45822924989448127,0.3400681057526372,0.41149338563236815
2007-11-21,-0.5921951362539398,0.5375786924917642,-1.2105451385506594,0.5742769998815026,-0.2301428360611463,0.31366201064405164
2007-12-01,-1.0870829935469477,0.9443602993291951,-1.265920325273235,0.4672696731926082,-0.7964970565094562,0.19601720493489105
2007-12-11,-1.7355899896310374,0.9872588164675389,-1.2603303439392923,1.4573487331816841,-1.2822632077720146,0.18072003150806115
2007-12-21,-2.403562784448229,1.501423959150115,-1.247048784713805,1.2642986679770263,-1.6741902509478501,0.9395283351821604
2008-01-01,-2.503802468863881,0.6950808805397999,-1.2443937580065136,1.6459491194146718,-1.7410465136439075,0.6682726184902763
2008-01-11,-1.9331805903528225,0.5494767148211028,-0.4801553601155127,0.43497093158870775,-1.8774650778910362,0.33877683735874375
2008-01-21,-1.6566263355162008,0.9850106146770129,-1.183443994842713,0.8644129817492803,-1.919823644752307,1.6209148035835976
2008-02-01,-1.6848546878157231,-0.29215326885734966,-0.961548041220154,0.9985874805511664,-1.955780915093407,0.21501499835616816
2008-02-11,-1.8870759861599409,0.9977532235040938,-0.9867442722744932,1.4340450351215615,-2.089052676470624,1.4170861305447175
2008-02-21,-2.736102036553441,1.6399852293347623,-1.1372866546252922,1.922096082947001,-2.3242590517839434,1.123123867477177
2008-03-01,-3.0269959216972384,1.5123920505956074,-1.186685167340726,2.3077759654832235,-2.6145481741964893,2.514959197227045
2008-03-11,-2.9771296123179343,0.9959298983600742,-1.0339703188389784,2.239543250473841,-2.8081431508487285,2.094997483749743
2008-03-21,-2.9545281826759453,1.1494588208478331,-0.8084221173549234,2.2617846293833193,-2.749351956500193,2.810046458138124
2008-04-01,-0.9589641173183885,0.4895039691379636,0.0376003697353511,1.3390942806830166,-2.3167950516277185,0.8351625581840623
2008-04-11,-0.6354618223444984,0.2048444584372185,-0.21213906017851264,0.8832136348437231,-1.4946330501491625,1.0644599649212156
2008-04-21,-0.8119651378556335,-0.5627736741758219,0.6726054653681005,0.39462448613185663,-0.5176302588985692,0.6099058154250635
2008-05-01,0.3122472854462061,-0.35521465093970744,1.3815050320608406,-0.5171215794449493,0.2662658601937614,-0.8738179752981917
2008-05-11,0.419676257197325,0.026954465322669718,1.0603089569062178,-0.44071427640105715,0.6848677502296228,0.32794613765303315
2008-05-21,0.31069113656605263,-0.3854160455021623,1.5019151225364127,-0.7498586282322591,0.7749157949905885,0.46621871750261606
2008-06-01,0.6216286266600702,-1.829839886738774,0.9577607981963207,-1.200897411022247,0.7092584799864835,-1.3812768442937764
2008-06-11,0.5955769272071536,-2.0306241342095155,0.7709633042763324,-1.1027791422666566,0.670838380924209,-1.3895485266417662
2008-06-21,0.7570745418655799,-1.1071286783957002,1.0658174932152429,-1.031086930047145,0.5618870531686142,-0.45125248237688936
2008-07-01,1.0648715718539785,-1.7057435212249101,3.3859244959321946,-1.2609997608662773,0.28214829359994564,-1.6030125391167627
2008-07-11,0.9797963780173022,-1.71803514263655,0.9838888101236294,-1.584650743855924,-0.20941388271740902,-1.1564923369240003
2008-07-21,0.933875259393386,-1.9714617450054737,0.7315608857768164,-1.2266505335695526,-0.5835087530827979,-1.2662806417282229
2008-08-01,0.9764734603400398,-1.652973103615476,1.635448559506554,-0.825540526946423,-0.5480250033062071,-1.2281695298866717
2008-08-11,0.9530530993410554,-1.4906616440801426,0.9942786855469354,-1.2053508592004858,-0.12568843179326009,-1.1999116222260062
2008-08-21,0.8640410104483283,-1.2057834672225625,1.1090967004128325,-0.8513446270796113,0.41166508183218425,0.1201892449683534
2008-09-01,0.9329259158176617,-1.0406735422007787,0.40471616622614753,-1.1902884753268248,0.8138057911052429,-0.6308650207732468
2008-09-11,0.8721979540560435,-0.7521501912823813,1.0984805858407218,-0.8489325587882292,1.031781351680385,-0.4539010239071645
2008-09-21,0.8615994450818878,-0.8022780699053795,0.07094128438976713,-1.0965112502921652,1.2622893362318302,-0.44676598432261333
2008-10-01,0.6213789906586169,-0.8851873269488644,-0.7338082064766759,-0.9384866677530523,1.4910270176994396,0.727263379776722
2008-10-11,0.41022470635434116,-0.6803713184142876,-0.8749275944171545,-0.7682229863365324,1.5508468546700427,0.8029583165577542
2008-10-21,0.571634582636466,-1.3840431629913064,1.9976150326487943,-1.151311520696609,1.4535772951842683,-0.8763602646360581
2008-11-01,0.9850625453346801,-1.8761421225234147,1.0853708370929251,-1.1608639963050686,1.336550463366231,-1.2161537285312773
2008-11-11,0.5089479751817758,-1.180274722197102,-1.2464189035164315,-0.8865369997627743,1.1726707501279252,0.46743126789206
2008-11-21,0.1222284348784335,-0.9288735958370156,-1.230369153294622,-0.6400185375523693,0.9058569133689576,0.41111920786229045
2008-12-01,0.06298738757250842,-0.7496115417864939,-0.8403928261685459,-0.7505210756166141,0.5226558671522596,-0.007477154160231901
2008-12-11,-0.3694054044649719,-0.5955991548844702,-1.217696985842404,-0.3961115383927768,0.04081702327135953,0.14528423218988581
2008-12-21,-0.8944690235007489,-0.38942612447871605,-1.159206093058276,-0.07128154012433267,-0.4996876414385467,0.7114347297411907
2009-01-01,-1.0085574206006158,0.7055980348957701,-1.2260813206790304,1.0186277819215397,-0.9333187924802364,0.35157043142433814
2009-01-11,-1.7108370832967896,1.032824666499479,-1.1849449340123872,0.816129910380335,-1.132287872435429,0.2105741445790716
2009-01-21,-0.9261294220222643,0.00048377373553829206,-0.20560714923365733,0.04874675662511253,-1.1306636957132963,-0.6752965851270483
2009-02-01,-0.7289877714216685,0.5301238037487757,-1.1971951243217869,0.6817167336121116,-0.9840570803055687,0.48354827392629746
2009-02-11,-0.9682691405089027,1.111000057071,-0.7501000011008339,0.9617720522357659,-0.837817928556549,0.9521710381957332
2009-02-21,-1.5384813392659076,1.942876272006517,-0.993144747571673,1.733412367054455,-0.8111066093999347,4.810786637747785e-05
2009-03-01,-0.5497418807566842,0.68405471297348,-0.4692636811224525,1.1748244214088308,-0.8405517696318678,1.6193859639508443
2009-03-11,-1.1623975288292778,0.5575366386449206,-0.5790327317776809,1.2000317214548073,-0.8505825471898275,1.1945685317218742
2009-03-21,-0.5129658306782723,0.030028918197859987,-0.3203798696377279,1.3041393374801216,-0.7502814125197221,1.4011978724103085
2009-04-01,-0.47403487217869206,1.1816871508710372,0.08314976456608371,0.7124903544947058,-0.4907017003077521,0.5411516093811874
2009-04-11,0.34960713803056676,0.9561639857066383,0.6482894053524118,0.12538481585555508,-0.16221575306187533,0.2199890203080184
2009-04-21,-0.10126695947987654,1.3884640085353435,-0.028143766859008015,0.9642621305504299,0.1250690429775225,1.116620496182279
2009-05-01,-0.028075601623077963,1.400277315552675,-0.6626798294017313,0.8141911879386591,0.2834760802066525,1.5742524725037597
2009-05-11,0.18131188345710797,0.7225303946497476,0.5039950187042564,0.14705225079362547,0.38905167818448,0.6154757055196035
2009-05-21,0.30210448138327217,0.549190687409744,0.35179100904180527,0.21897746511755198,0.5001577307193542,1.585766794541703
2009-06-01,0.4668718577811926,0.10512627436564774,1.1024467223950134,-0.25711261124235424,0.651334082443899,-0.2170679116834914
2009-06-11,0.6662929761743389,0.07860259796407307,1.3835426553554093,-0.3736979362588988,0.7013553101606983,-0.26356209437691197
2009-06-21,0.7503405595438557,-0.5118412181677798,0.22298469239942828,-0.4895294063909921,0.6151178825145476,-0.9341148608229658
2009-07-01,0.633052784834206,-0.9546913672229035,-0.27574949751490513,-1.0199756076305164,0.4113651340866727,-1.1952912243965341
2009-07-11,0.7946075413650533,-1.2016987716702134,0.5408696634472657,-0.7227151196798605,0.28827223991386336,-1.5001047828265777
2009-07-21,0.8997085273272722,-0.6578627032561271,1.889564126550886,-0.5332948818248848,0.2822263242865078,-0.27695613837667155
2009-08-01,0.920779508022218,-0.5856731792038258,0.7094139220294768,-1.1552304947047305,0.292341378148294,-0.6839372501209181
2009-08-11,0.9466737217623882,-0.4647398737489277,1.4452842566137867,-1.1610508146029705,0.38184803066854767,-0.8099162281005559
2009-08-21,0.9015613740567977,-0.7067882619103898,1.4999191506757914,-0.3930533242810057,0.5906195673885986,0.19884715572116238
2009-09-01,0.8724962688821776,-0.4824460449706722,0.4725400802754173,-0.7509951203471071,0.920032553976557,-0.4137189843278836
2009-09-11,0.8130109798440573,0.013315174274788044,-0.15592246984715055,-0.6208109729944017,1.2069962146068176,0.4210687920993113
2009-09-21,0.7634174157591259,-0.4561630271564331,0.6318226019146549,-0.7342258490731276,1.306992816141525,-0.5902329154021284
2009-10-01,0.7390078474911278,-0.5587054268142488,0.19796272598863732,-0.8416949324041295,1.3674167123479877,-0.5593025294313968
2009-10-11,0.9181998563174887,-0.5445536752299673,0.1621080226978755,-0.9732699475147021,1.4251018658554566,-0.3867832931878296
2009-10-21,0.6899341153555923,0.024811931205474293,-0.4911819252223293,-0.3556352605630882,1.3481919118283987,1.3869973210866622
2009-11-01,0.37394733277933023,0.1680507950870188,-1.1585566983866227,0.15346671435356504,1.0468944805213978,0.7844570369794243
2009-11-11,0.045541125443766005,0.185303630350013,-1.198717325642643,-0.2425058535371129,0.6159502098378857,0.3299221052418912
2009-11-21,-0.17693677759229473,-0.003987986916135504,-0.41231756443654455,-0.07039219736088093,0.21348358211968482,-0.13519723530531777
2009-12-01,0.16190237246757372,-0.062074374230531616,-0.6607325430540385,-0.36827833967586526,-0.052204501892267996,-0.28887512558200007
2009-12-11,0.2414125103947895,-0.09339662785972906,-0.7881085560649543,-0.47176628592765935,-0.12374085331986144,-0.8109580199387595
2009-12-21,-0.10846500978619411,-0.8345751535337866,-0.777791967432669,-0.5860684284832313,-0.12389485917338376,-1.2532323129393936
2010-01-01,-0.16995701914913444,0.26225932173235067,-1.1513074062860482,0.24626064465579098,-0.13307876265387464,-0.51884327186362
2010-01-11,-0.7148774584119579,0.5215593373345462,-1.1450048199783514,0.46068039105000985,-0.19389826732595103,-0.34589513960924195
2010-01-21,-0.6777199061382965,1.1792172549803488,-1.0065335843247636,0.5681428384061687,-0.34198343379760415,1.2922519674969324
2010-02-01,-1.333962779864667,0.7992889090464774,-0.9904831586027113,0.7734610399671035,-0.569055894033014,-0.7859967560542438
2010-02-11,-0.7953416126300097,1.1426568774690404,-0.4859114537903785,0.48071228210257144,-0.7699694955350121,-0.20417629640662885
2010-02-21,-0.4153447705847358,1.1358060089006523,-0.3305691330957715,0.1325141326809311,-0.8905284083849164,-1.6136436928417879
2010-03-01,-0.0576121337652532,0.21748001562794686,-0.37945445542727346,1.0742501566510871,-0.8768705874246016,1.1849914672961577
2010-03-11,-0.6494787810263509,0.8725105172286601,-0.6829803384173828,1.5138700144850508,-0.6796545494591157,0.8336621166965185
2010-03-21,-0.4286678767130221,-0.17902770400144002,-0.2773715595639751,0.5721631806619029,-0.45720447846580364,1.015927999662506
2010-04-01,-0.4325993209925605,1.0424083336060346,-0.297171944582348,0.9370372091716981,-0.26643802855481696,0.6461661355651517
2010-04-11,-0.2699317714847487,0.8690446712243405,0.2799022408092237,0.47343237343091393,-0.10007660480306743,-0.3333126440242344
2010-04-21,-0.05530773323420936,0.7041150304516888,-0.8236621192919291,0.6388947879509722,0.13773135998120375,-0.44163358809941416
2010-05-01,0.6027529353382831,-0.15086501277920802,1.9168220121622397,-0.30063678960327894,0.41021198758798577,-1.605018621622327
2010-05-11,0.6000913394239901,-0.038245953224891605,0.24570938162831457,-0.24924307788573027,0.6605108706642188,-1.0830517731772857
2010-05-21,0.6900053666542965,-0.23148211672177907,0.6496101236291967,-0.3500272918598204,0.7858175594521579,-0.4359332233708579
2010-06-01,0.8940911500486994,-0.19802382940774715,2.613020003851727,-0.7334944669378358,0.8044238066873827,-0.6869060493532557
2010-06-11,0.9372602046470558,-0.9254294570829442,1.4792947402395944,-0.9851476096764297,0.7151016765809443,-1.9931898438066906
2010-06-21,0.9940723181308282,-0.5781293226079156,0.865113481163052,-0.7225257297720741,0.5651138895390576,-0.6672748652696128
2010-07-01,0.9507305599819572,-1.2732603287938684,1.4201135437303078,-0.9874311178294205,0.22950825484728987,-1.5976496558173885
2010-07-11,0.8018175364352091,-1.0844164109825376,0.036653736753944746,-0.9214556452689213,-0.2974072775157818,-0.6709002161762321
2010-07-21,0.9495384829830108,-1.712683181505467,1.325338984753029,-1.1990841241111796,-0.7729498408460973,-1.1582676046824862
2010-08-01,0.8722392738977626,-1.1374868130606788,0.2863274817216227,-1.1038822577350313,-0.931855736871797,-0.8235704932107784
2010-08-11,0.9222617541095133,-1.504489749621938,0.41587147837615956,-0.8391051923323153,-0.6342448009188177,-0.9551577519925012
2010-08-21,0.9445552735592203,-1.540017640395946,1.7423679982491163,-0.903218357940588,-0.05557349852568678,-1.0043175963208983
2010-09-01,0.9827262529796628,-0.9031488603165562,1.1695787155783952,-0.5577406732240152,0.6358381526055863,-0.8631497443498524
2010-09-11,0.9805971118656353,-1.179297895936081,1.169197334000929,-0.7734718999469964,1.072155393420989,-1.1924930492863486
2010-09-21,0.9295674116114562,-0.9489369999721444,0.33562286680538944,-1.1451134421629752,1.2764723029221274,-0.6575735547577043
2010-10-01,0.778577772615244,-0.0874872567509537,-0.9412544751668815,-0.6353485618575705,1.3375190215690589,0.5534048881254242
2010-10-11,0.5067328387228518,0.04735059933026114,-0.8533653266225694,-0.36493136566492473,1.2667628188901991,0.671292007870052
2010-10-21,0.23449482299515526,-0.03711361984659081,-1.0503656357288866,-0.0799847636210333,1.083085697981695,1.5015230414423701
2010-11-01,0.016955427799438493,-0.11834731705809018,-1.1777976231718614,-0.049411606174799096,0.7770899813240848,0.6711603345766523
2010-11-11,0.012681706051313512,-0.1692148526191111,-0.619973113440827,-0.07332631602898933,0.44415383413229426,0.2958217469060299
2010-11-21,-0.030455739259330754,-0.4879737442420674,-0.6073684071460915,-0.5265334748440179,0.17750882668553392,-0.5824099153465956
2010-12-01,-0.39814295448363957,-0.27596077573276134,-1.053557769368696,-0.10218442002610667,-0.02151780781861106,-0.4631764546609622
2010-12-11,-0.6510059894997958,-0.16396132900305208,-1.1235029192337094,0.01120647697788045,-0.188180602367907,-0.24976429260612126
2010-12-21,-0.5139516648989821,-0.4063975287651047,-0.33834165292791857,-0.20033032510637203,-0.3506359064016271,-0.4369901048743861
2011-01-01,-0.4500441008926021,0.07265598566863514,-1.1716203396793414,0.015824464084494224,-0.4893194424314991,-0.18946357025107685
2011-01-11,-0.9814707125771744,0.15717656988475767,-1.1088208280362826,0.07384580478699768,-0.5801438411357733,-0.565669528015968
2011-01-21,-1.0975118503622243,1.1485105881015283,-1.133883429383797,0.8427325971609135,-0.6566419006572666,1.1199910367492996
2011-02-01,-1.0535892324312437,0.6644207567566563,-0.9633086965299493,1.6480847633920208,-0.8376093723750384,1.0207749749221284
2011-02-11,-1.9378289856120707,1.5166926611540592,-1.2143152411609384,1.870146995095631,-1.2005458282091401,0.8890464311670895
2011-02-21,-2.583063064243946,2.550086171026476,-1.2239131149195166,2.3179141608650715,-1.6012067610123504,0.3918035120486286
2011-03-01,-2.744721150806076,1.4827724824735387,-0.581391479839613,2.3595132551375255,-1.8703895445874443,1.598934930456157
2011-03-11,-0.6057612061811682,-1.2648070826803532,-0.6154170648917885,0.627476107263961,-1.8632798185057973,-0.7162970542101156
2011-03-21,-1.3280726551183637,1.2744692394152761,-1.0461384972524101,1.8728631036699739,-1.551131931668918,2.6505380085594745
2011-04-01,-1.1895665461860687,2.53922583578033,0.227610838760671,1.6033489700169932,-1.072755755503968,1.163944106359388
2011-04-11,-0.29525206279473537,1.9254492083810375,0.10710526544885435,1.4827806351921433,-0.683514024693786,1.3965449455417243
2011-04-21,-0.2666882204169944,0.6902175254552831,-0.3303645655859781,0.5851056928726536,-0.3515181986630671,-0.6774757478862603
2011-05-01,-0.27974249111810673,1.6466385350854316,0.43288117723282854,0.9487863858327863,-0.005023369802704077,0.39940863615696737
2011-05-11,0.5177110155799104,0.019594944213088595,1.5523554851849115,0.3114844607529521,0.2986738015852769,-0.8745468106142685
2011-05-21,0.7629763462263054,-0.7901843635929646,1.7796595140260008,-0.5552018632413332,0.5066934924803909,-1.1167778473200416
2011-06-01,0.8059170941376748,-0.3041384640815102,1.357179909062254,-0.4297188765940405,0.5861397995837442,-1.0399236948909243
2011-06-11,0.88185089674697,-0.5879674376060628,0.7395570268172293,-0.8260393649816937,0.6172862975814621,-1.587724050369251
2011-06-21,1.0314045038950193,-1.0147689502015667,1.7831577436137491,-0.9660970693820757,0.6612012090178839,-2.15092231707353
2011-07-01,0.9069967632085953,-0.38061706566712067,0.458463518724256,-0.7650158766910705,0.7663181098898968,-1.1351686541926658
2011-07-11,0.9796619255300214,-0.758435849354245,2.031599744286226,-0.8422767404806927,0.7569286544488527,-1.2427868365939634
2011-07-21,0.9524551961022505,-0.6458922786918154,1.7171889406801748,-0.7099784041122431,0.4628687076728261,-0.8032969733290891
2011-08-01,0.9029497833312312,-0.9798249408433407,0.7490354212466398,-0.5949895399391901,-0.00497814837138302,-1.1471433286484194
2011-08-11,0.9449373495204195,-1.280011048765688,1.1591157758890136,-1.359950481453755,-0.2963875816745586,-1.6390792561621716
2011-08-21,1.0050869552058916,-0.9049969290418046,1.3436626181480653,-1.0085640107448715,-0.17181866630810505,-0.47730273391252875
2011-09-01,0.9900216348550728,-1.3605323321414908,1.1318337986798652,-1.1411397960001541,0.4154091317351615,-1.3664578015318776
2011-09-11,0.9710099001495127,-0.9994156167621646,1.6173892121173918,-0.6858230892806229,0.9978954785161029,-0.9599228599364719
2011-09-21,0.9893354629411354,-0.7405498132660991,1.1330229850792075,-0.792128719304509,1.3727362389701334,-0.3703756178543056
2011-10-01,0.6723270118526483,-0.08101685219767665,-0.9496382671387679,-0.5552880902027892,1.4605159387879807,0.7481638713317436
2011-10-11,0.5339515650750033,-0.22620836208269976,-1.0651312357524994,-0.30006861987992234,1.2622378296540235,0.7927403558454957
2011-10-21,0.02361111280274234,-0.1932862472047721,-1.1549460468647197,0.08665657457693884,0.9724041893038017,1.7094679724175332
2011-11-01,0.5402313290609195,-1.0704216762933814,1.3627407780026184,-0.7230597425451671,0.7514192294385342,-0.9150993955775981
2011-11-11,0.398809915343986,-0.41229472099932024,-1.1724451302311922,-0.6294950620851149,0.6038354516337321,0.29340235936345394
2011-11-21,0.13975782352232852,-0.7570207849128595,-0.8142694223278991,-0.42008392966019564,0.5112448872376522,-0.8773606131061386
2011-12-01,-0.015597287613238172,-0.1438017687949775,-1.235210948059167,0.1503951536543553,0.3381075221648093,0.013728889114551427
2011-12-11,-0.31956675103905796,0.10872165930844556,-0.9952026844485985,0.24689798322122428,0.01747698026670079,0.057081732838956165
2011-12-21,-0.6814673801905098,0.7235311760524592,-1.2217197008469485,0.7187420127577333,-0.433890142632623,0.8857772501337328
2012-01-01,-1.2785062510270153,0.5549748677402122,-1.223851476654916,1.560949898799352,-0.9970249423927651,0.3170164622895158
2012-01-11,-1.4445086169007815,1.0635085357329526,-1.2358167165106957,0.9322677386369054,-1.451905580765462,0.4865281971658093
2012-01-21,-2.0338657370881714,1.978221509857713,-1.2452721320079458,1.4696782855529829,-1.8560074217649054,1.8990560197008681
2012-02-01,-2.819265485281959,1.5267535086440167,-1.2563718606580516,2.7927725677249358,-2.20520192264007,1.6694932443393546
2012-02-11,-3.3110932670787427,2.1339940762844543,-1.25841250639565,3.1278580471416366,-2.5427995613815315,2.0768502870330576
2012-02-21,-3.2006824241301897,1.8235616496973845,-1.196765097829923,1.8179334921448218,-2.8672476775377382,0.8365937866142685
2012-03-01,-1.8560306534338311,0.8718038606791073,-0.7493703918721074,2.2147410203744444,-3.0266780947316905,1.5240530745815064
2012-03-11,-1.9457783485236764,2.0320914399527963,-1.181611528774609,3.139455589741989,-2.9875098998501217,2.245039676560866
2012-03-21,-1.5170874274469501,-0.27791511268742236,-0.18815766090992386,2.1770353706056706,-2.7264984075510954,0.34948900533482113
2012-04-01,-1.067168801506429,2.1148225348237695,-0.7485133126643035,2.250649990132386,-2.262528261482866,-0.0033230107457284646
2012-04-11,-0.8000950392235104,1.5394566283929847,0.1520035903305159,1.485252124634944,-1.6686188546567096,0.11013924780251114
2012-04-21,0.05857800582058415,0.19175144862683907,0.13142873260005103,0.1271696488192776,-1.071522902279657,-0.367575661558681
2012-05-01,-0.12927864602110245,0.9473384585739004,0.1761020337118036,0.9303745520103323,-0.43681315475840515,-0.43783341888304284
2012-05-11,0.1978340424958105,0.4089843733582741,0.0759239541649686,-0.10355993547653083,0.08131539495999802,-0.0030521831800883917
2012-05-21,-0.06528543962281638,0.8325168042624712,-0.37321465944163495,0.34666541521682465,0.3623598074056713,1.8852030011814673
2012-06-01,0.3342386919130684,0.04797119854305945,1.0258234584416883,-0.5414446650196898,0.3294422579041629,-0.9725483997160141
2012-06-11,0.6185907845943511,-0.19080859105599904,1.2428177952875943,-0.6625710364750236,0.07727572971437222,-1.1589200562695317
2012-06-21,0.8367659176771266,-0.6992179238112058,1.6447523232306993,-1.148231287768927,-0.2405477946104657,-1.4150260402399686
2012-07-01,0.8003224275585569,-1.4554870614505333,0.5620531059606032,-1.809509273918834,-0.36964437138858314,-1.6165519149655594
2012-07-11,0.8944983047979079,-1.0171063681195884,0.7783739628773865,-0.585547158410296,-0.2169566435331781,-1.1236125852009065
2012-07-21,0.9722882298186883,-1.3285621523206343,2.3928579105238508,-0.9597072484943587,0.02726308774484678,-0.7712092133887988
2012-08-01,0.9316101748699541,-1.1813880927657694,0.692914192426341,-1.5084983212776761,0.21101933034647236,-1.3589597434720597
2012-08-11,0.8438480255334025,-0.9063825729457258,0.35920238757650735,-1.1045982509225265,0.3555983337802632,-0.6122027119490504
2012-08-21,0.8476401020640353,-1.0524094932342962,1.129526257534842,-0.5514383169274181,0.5257629273411809,-0.49263241565398375
2012-09-01,0.9888929589934423,-0.43801427965932704,1.2035629379881885,-0.6382721932427363,0.858472303285415,-0.9697835630200845
2012-09-11,0.9393521135670749,-0.5706251731691334,0.9341002976522915,-0.8748151479833742,1.173439572436577,-0.9543117527627768
2012-09-21,0.944936405414633,-0.5635592115847985,0.6032543650710436,-0.7447249464929229,1.3971014671074748,-0.9562749014176851
2012-10-01,0.7297730271724476,-0.5681108998752008,-1.0304011852360557,-0.27688496646900485,1.4840492348942214,0.9411459439440764
2012-10-11,0.4491886259689838,-0.4624178656300404,-1.1489598443976945,0.08751447584731686,1.279956044984601,1.2015451326211384
2012-10-21,0.2559231972834052,-0.5741598147169265,-0.5997322821795563,0.15912023515653848,0.9509645664092852,1.0920072490467339
2012-11-01,0.4802737732705402,-0.5940659637475321,-0.08511482139198863,-0.4279881288608613,0.624608627637075,-0.24534207966280097
2012-11-11,0.36023499426365,0.19003810241064073,-0.6930339172898062,-0.020585293789670826,0.3705781068339448,0.4548475086736076
2012-11-21,-0.040779838583191313,0.05797525825593845,-0.9666637248112162,-0.01869116672740263,0.22982518434708077,0.14538779187965073
2012-12-01,-0.1351854517083452,-0.478642230164778,-0.9941461780572459,0.17292677164758,0.129310813235439,-0.02074514176205844
2012-12-11,-0.3332891617551636,-0.36220809286190697,-0.8202336579013085,0.5146458157862406,0.021267421666003872,0.1343115876880755
2012-12-21,-0.493976618894221,-0.730955185172439,-1.1598303486491306,0.2636708900323429,-0.13431482565111155,0.5086197562214889
2013-01-01,-0.9477727603311683,0.20758795123506915,-0.8300061762320554,0.41820082912156137,-0.2696157037480313,-0.6419437869592252
2013-01-11,-0.579243621818159,0.776171996009835,-1.2128492001868243,0.6439316149912263,-0.5487460953955081,0.01904361039191893
2013-01-21,-1.5804071473748131,1.5201935340042187,-1.2228050106381982,0.9014306444513815,-0.8431874201167997,0.963207195961475
2013-02-01,-1.0536178164075913,0.11403798968255387,-0.6802786826866047,0.5298875426474919,-1.1121921640706791,-0.5377118397211758
2013-02-11,-1.4498662659826036,2.2649205408562487,-1.2114444681076673,1.9153105035117604,-1.3691039699515977,1.6697150725017886
2013-02-21,-2.445625542230305,3.145065057827334,-1.2453325180175052,2.3445691619258535,-1.5687667087152015,0.39377061291877613
2013-03-01,-2.6670134203654516,1.4402210045465071,-0.7376770469641096,1.59749534811003,-1.6316115326662697,0.6588905882689234
2013-03-11,-1.0315145786106448,-0.11637625176499078,-0.7281136619132639,0.9541610369174992,-1.564095935703931,0.1951009530628662
2013-03-21,-1.2287118323477095,0.5253924619608595,-1.0411740450709224,1.7664683154564813,-1.3621405019957284,1.9907215894017716
2013-04-01,-1.4793564534842958,1.3936564364749,-0.7321739821508078,1.9373223577576284,-1.1421176834227287,0.6230725622389234
2013-04-11,-1.1943176672836673,1.3526858972476898,-0.5836995633891917,1.7569780979126155,-0.916208805400926,0.9254473417301968
2013-04-21,-0.2770748967416271,0.14014577261576053,0.32010844722810416,0.23168336207807355,-0.6051995183086031,-0.0368649775286341
2013-05-01,-0.01085521636946381,0.18486498956222153,0.5611532867464518,0.41282418317324593,-0.17061428993617236,-1.724049632098816
2013-05-11,0.4035718075932569,0.5195326115651634,1.047966214831342,-0.14866755107142152,0.23953081032682877,-0.4097441513952147
2013-05-21,0.4586730031789634,0.14140694036955434,0.9278535387629302,-0.27538385196344206,0.45470244451395,-0.5469426148117252
2013-06-01,0.6041031630968672,-0.6195713151279203,0.8975064505933664,-0.9593877324123997,0.4321088054778365,-1.3399124588611524
2013-06-11,0.7461952048865856,-0.7064666792309525,1.0652229654640852,-1.1533992099171049,0.21748868301255914,-1.6386706925511831
2013-06-21,0.8554400850109333,-0.5460797586683513,0.7658863452821497,-1.2774552584156702,-0.14353345160124814,-1.3176339291060088
2013-07-01,0.9512007350965337,-1.6706144298790915,0.78512539067242,-2.4321369426407258,-0.7911630094859929,-1.9655996510359692
2013-07-11,0.931220952914667,-1.4342661576180835,0.4140664934587949,-1.4936444895373182,-1.1610953472389776,-0.8844795408041631
2013-07-21,0.940509128250511,-1.6473764326598626,1.6961599602582027,-1.2673132497231254,-1.12679046430896,-1.2036429676692815
2013-08-01,1.0294741466018968,-1.748274885556086,1.8813561957572211,-0.5232139810969971,-0.6386390274847018,-1.3250980034919393
2013-08-11,0.9726869136960734,-1.3272544129531403,1.9025819733142295,-1.3228409294987782,0.0651451123858761,-0.5193039603541542
2013-08-21,0.9479265136308016,-1.2835570136472572,1.1151598997834842,-0.9182304393607731,0.6483766640822595,-0.08620562898272965
2013-09-01,0.9853207704385144,-0.9175199322947324,0.7248207246161277,-0.7108484496237006,1.0165213322460276,-1.3023166753339013
2013-09-11,0.9869074419284489,-0.4681344582393022,1.3488201638968353,-0.7266856717685212,1.2252103319480687,-0.783675804212632
2013-09-21,0.884003405783267,0.09096526281063051,0.382643048854619,-0.7534389096838795,1.2860170291518345,-0.10983839738789941
2013-10-01,0.9102875195657554,-0.9690229836735864,0.716805614960309,-1.2082065403745401,1.3060058504970975,-1.35338749638748
2013-10-11,0.8182076302007135,-0.15296149028469652,-0.5749676378891884,-0.7544140722937674,1.327113506975326,-0.05645902557623719
2013-10-21,0.642822923566839,0.10361800630574591,-0.5177798738382026,-0.6465986562143696,1.2769621490558085,1.5149452483364307
2013-11-01,0.36338315413442934,-0.32247260223190094,-1.1418822963547943,-0.6469693344410226,1.1447655166671211,0.08090377740247816
2013-11-11,0.5026996813887965,-0.7259608300200068,0.44869892121803623,-0.6868549223014387,0.9847162773900844,-0.5405503771655552
2013-11-21,0.4022524588748115,-0.3676336808255396,-0.9729659850626002,-0.29672811899781315,0.757888582104621,0.2637657861669142
2013-12-01,0.0072670246342042746,0.273837304710707,-1.2769388508227169,0.4952940022340194,0.44125381220271614,0.2175451666711135
2013-12-11,-0.19326845155212738,0.05643110780942519,-1.2404273505311696,-0.23863854581778673,0.037152255813676996,-0.4488143531787182
2013-12-21,-0.5727706030286593,0.529163786347679,-1.2553202459704034,0.111165224535317,-0.3759154770945628,0.2364917370079874
2014-01-01,-0.7779931158721903,0.5983955448988053,-0.9065754181642873,0.36322715960883317,-0.8434146973384131,-0.41718557111879506
2014-01-11,-0.5113558747229363,0.8875352022283515,-1.1729663302041973,0.4357581285148602,-1.1017155126869058,-0.4350519096192598
2014-01-21,-1.1943064423352925,1.7444213299142046,-1.2178110952130818,1.1274923822639493,-1.305968021177638,1.178979274129588
2014-02-01,-1.6146365320744835,0.9008123898371544,-1.0183407406797609,1.0607406146390377,-1.4915550360334378,0.1268948457846437
2014-02-11,-1.3001814072657953,1.0666555569186846,-1.1237443033730472,1.548014564026423,-1.6803851232292848,0.24512390608338475
2014-02-21,-1.5421206349645749,0.9608984175065229,-0.9953639764195835,1.5071801294710803,-1.7963775727820497,-1.1884948626600644
2014-03-01,-1.047534588123274,1.3654020212164384,-0.2909467238170294,1.90824303967153,-1.6818906490351113,1.1850435787327966
2014-03-11,0.012631172919405657,0.3614806731456691,0.5144050246177028,1.2038242787851212,-1.2852425174174456,0.4258034518544563
2014-03-21,-0.10774939846304066,1.347176889025931,0.3168641228575131,1.2910932633503207,-0.6830081929422521,1.3203747750426515
2014-04-01,0.5164967651350787,0.7278573135990879,1.4581266666734232,0.1676432247622766,-0.030453894693123686,-0.15645348560463246
2014-04-11,0.6001730697753344,1.0554664927113269,0.7942777867109141,0.2863370025439166,0.466505807309558,0.22794273248895738
2014-04-21,0.6641693745097418,0.4241374398001039,0.5969474979397044,0.10846836843032125,0.7311941498321534,-1.1783340970445206
2014-05-01,0.8505584478082014,0.15517983836841687,1.0219052771585388,-0.18748056591086673,0.9044724128681066,-1.62586193600451
2014-05-11,0.9293100045587697,0.6515465892438524,1.4338891213123863,-0.3017566693896952,1.0565386939000065,-0.41235817881682163
2014-05-21,0.9289541549174738,0.06374738049407835,1.2939399164476804,-0.5647442729308965,1.144120083510992,0.1352208526081603
2014-06-01,0.8271266497413057,0.5038989929027716,0.20663184594980297,-0.21774593625889982,1.1179245258467811,0.28004077326741206
2014-06-11,0.8570355194717179,-0.2095755724472885,0.45851011053923996,-0.8138046059504163,0.900966186583486,-0.8857854656393411
2014-06-21,0.810295340393467,-0.6605009494409093,0.023761375897993813,-1.1805490918551604,0.6355962179480192,-0.9413394598677075
2014-07-01,0.9111039519981783,-1.0729465079669955,1.1308034018275972,-0.840896050598351,0.3421181729606193,-0.9098683059976834
2014-07-11,0.8581919447410421,-1.2435410968816738,0.6316295274910626,-1.0552101954272637,0.022066623500312563,-1.25166030924617
2014-07-21,0.9343758988718042,-1.3015507371559847,0.7897175074063465,-0.5780426158834789,-0.21056946421624792,-0.8451962655526956
2014-08-01,0.8993714137522227,-0.7966831318392231,0.7476937313026962,-1.0814310653142127,-0.22502884295257145,-1.4820976735440676
2014-08-11,0.8948782526090444,-0.6171622028929797,0.832173135708596,-0.8525676637056318,-0.03668888650081002,-0.8312361507382253
2014-08-21,0.9240304971830878,-0.7440385072416908,1.6023241999934623,-0.7780235802301371,0.4018946437381058,-0.6180429535062066
2014-09-01,0.9298044186766452,-0.8551908880829432,0.1555798967223627,-0.8740335563525394,0.7881759361539972,-1.045060465660751
2014-09-11,0.8903634604896037,-0.36598442971114997,0.7409702061723938,-0.7524608809842441,1.0970576181494214,-0.9499442423767971
2014-09-21,1.0010422808244295,-0.5882146788247666,1.4531898800694272,-0.6651830742365374,1.2952713262729691,-1.2034303781460418
2014-10-01,0.9901118099979704,-0.21787425757094953,1.7190449616938284,-1.1193071130750454,1.4033515907017944,-1.3033658977400413
2014-10-11,0.8201012873373448,0.35650062062195287,0.6791323838185406,-0.7330585281733112,1.4140021074208133,0.12703591567141478
2014-10-21,0.7255506835569889,0.8084607590848247,-0.9015534490110898,-0.4917207396320698,1.3035198892745088,1.5816739127038784
2014-11-01,0.358419541425807,0.536227704699342,-1.192426976325313,0.26986213649739793,1.084813045976335,0.47946730922727876
2014-11-11,0.1978453456849967,0.4142386719936285,-0.8950998801004331,-0.30769283386716845,0.7548268698405374,-0.014967634900354432
2014-11-21,0.32182297055216086,0.23260039034699462,-0.4628229566461779,-0.5205274942115862,0.48680275104368853,-0.6949233431329144
2014-12-01,0.08952636732000452,-0.645629990020653,-1.1003269154226905,-0.3280751206760366,0.23991373781764533,-0.38403558947938726
2014-12-11,-0.2308597187223616,-0.44957778890081274,-1.1095137218761335,-0.14991696671523075,0.0323461505539124,-0.12572346619215657
2014-12-21,-0.42540481760301574,-0.41257216783997,-1.0478908388625234,0.14216095515993848,-0.23617088184433332,0.51203552545575
2015-01-01,-0.6509121631190439,0.21817971713425913,-0.9828837799494741,0.8461480560606913,-0.5829354265003162,0.07088876988821144
2015-01-11,-0.7160946715755061,0.4555467572846135,-1.0346087366495802,0.4150820227241604,-1.009395438859223,-0.12605041118130975
2015-01-21,-0.8863441677537084,1.537755018183178,-1.035962640267858,1.4618195570290178,-1.4173524068787866,1.4676518847045124
2015-02-01,-1.7956241153565953,2.052766629553198,-1.0283466678394306,2.1805918745044823,-1.7840860398918224,1.2922938824871133
2015-02-11,-1.5114674473573921,1.268842257153274,-1.1255205992617923,1.6239616432162607,-2.0964831663867147,0.23775714491551758
2015-02-21,-1.5442066758237578,2.324361953780017,-1.1126356344969122,1.8683021533778064,-2.267734987513739,-0.3466367277649678
2015-03-01,-2.5285384799643005,3.2841421889035787,-1.0178835351178395,3.001150995902895,-2.2542729152666245,2.5472684526177725
2015-03-11,-2.616991127931649,2.409110866731133,-0.40379679285748366,2.7023148344017245,-1.999214302615269,1.3345847565669453
2015-03-21,-0.3348193381633784,0.9657902285482168,-0.4252266131908286,1.1834569493821294,-1.5330717885578087,1.2121785341125684
2015-04-01,-0.9201840227508997,1.8729845191062169,-0.43650133566273286,1.2521380880166784,-0.9289957343277669,1.814367581894138
2015-04-11,-0.0692370230871501,0.883093677394164,0.3499084941426723,0.6138309715230055,-0.40918407772130855,0.44589215862357173
2015-04-21,-0.164247041262516,1.4210544956786082,-0.29910919472774833,0.7687240449975411,-0.01244289431228035,1.027427037112944
2015-05-01,0.17350837445765385,0.7240458794477151,1.2113705104079164,0.4669292280059413,0.3174563175325186,-1.2931018065653956
2015-05-11,0.19684573064941457,1.506891424995905,-0.7419376043105559,0.36140575957392135,0.6075328412416663,0.2802643557294673
2015-05-21,0.33745728937811464,-0.05310039567560123,1.031711874939282,-0.24869643640468506,0.7943248333135818,-0.0524674562218969
2015-06-01,0.43787430572293545,0.4991887578090259,0.47875003713843345,-0.10858898254873703,0.7929041846557777,-0.11570210690339768
2015-06-11,0.8215537758361253,-0.517560709550489,2.002911141736048,-0.8066194532999045,0.6202242359419217,-1.5469238335797146
2015-06-21,0.8621959704130745,-0.9277299257046772,1.6324622351393645,-0.884414309506868,0.4618130402385069,-1.7511961349373972
2015-07-01,0.8512259671127561,0.16923625251484167,0.06446203094631021,-0.7875750930115702,0.46621117229164244,-0.9507247477540026
2015-07-11,0.8885101390991567,-0.2265378660631839,1.5392357233054224,-0.74498558152939,0.5548679623251602,-1.2930946347734587
2015-07-21,0.9829949893018066,-0.4313290739804852,2.322655783861133,-1.072075387071348,0.6933879896762515,-1.1384080659040998
2015-08-01,0.9644939062904667,-0.22355692043961586,0.75502096399265,-1.0520645723634265,0.835724531902269,-0.8121098319047313
2015-08-11,0.9375826193817135,0.27354000932408734,1.5320837152659927,-0.7335127586157327,0.9920637164082649,-0.39529826026133863
2015-08-21,0.9068580839788286,0.08867997248875542,0.3949026444835463,-0.360742990755408,1.2209565131829287,0.3474929551601985
2015-09-01,0.8911592164836617,0.15938907884967018,1.0712623549927929,-0.5699932476086146,1.394464188018546,-0.21001109694637904
2015-09-11,0.9002180054093242,0.2518851953410654,0.6604349114599685,-0.7078122631486701,1.469486890437343,-0.02241321184353519
2015-09-21,0.849257376143243,-0.12471273166053189,0.48031332265915283,-0.6887563489360369,1.4389728600105494,-0.4126296348384573
2015-10-01,0.7887659780822148,0.34749500718872334,-0.17499546679572175,-0.37991816117115024,1.4119594901537569,0.3959276150425461
2015-10-11,0.7004956442450212,0.4852285567716121,-0.7427675672175177,-0.3533417170248292,1.3289230283191127,0.527519498184954
2015-10-21,0.5052154938076661,0.36099263242703195,-0.13696338619982718,-0.34026885472664414,1.20476202291253,1.1596137353701779
2015-11-01,0.6833228294045963,-0.19949965737450584,-0.2341700926015028,-1.0916842774747526,1.0544225048427645,-0.5356629454713755
2015-11-11,0.6198154306349595,0.05234186447072071,-0.08776947052782906,-0.5054253508064466,0.9138132473646351,-0.007253448471511539
2015-11-21,0.40261535540516835,0.12322136435839919,-1.0073063581570683,-0.4434282469430131,0.779872237791957,0.26968921580552807
2015-12-01,0.19502878602010548,0.07859254284367143,-0.560189291235816,-0.5595347517698667,0.6678676227673825,-0.11568007397559031
2015-12-11,0.35625793559120106,-0.4923064845504453,-0.9573836824508051,-0.3566885933281645,0.6029619981065961,-1.4640824279409004
2015-12-21,-0.0032989796296237386,0.6960799726688605,-0.7846869331440701,-0.10206701619633932,0.5412996197144383,0.6543221769690577
2016-01-01,-0.23473682736657173,1.0184037416570983,-1.1055421300655326,0.07125868653592024,0.4323410159464991,-0.2409096904373874
2016-01-11,-0.4323656887143603,0.3521821024208068,-1.208147002448448,-0.3497335339452437,0.2558807295027814,-1.3817953944252632
2016-01-21,-0.6976381128017732,0.6072380721299991,-1.1481339392167547,0.19691442022893832,0.037883166962015116,-0.2041217249176497
2016-02-01,-0.9089219152061693,1.256297352056514,-1.1562633685477317,0.7986404241360912,-0.20860424516818007,0.23465442070253012
2016-02-11,-1.6966390466895993,1.5546126841949324,-1.1163925542426365,0.9655284414676101,-0.48290196791791234,0.7845686467311802
2016-02-21,-1.7722889107871416,2.004644021078973,-0.9429002206604533,1.2940589497171608,-0.7322167630771714,0.2874498258269119
2016-03-01,-1.0246747773304998,1.781564018672352,-0.8905868666896319,1.38416397487075,-0.926741445976413,0.8993287778121227
2016-03-11,-1.323706987376982,1.8902616919879582,-0.8297763415055454,2.019992998515978,-0.9650330408046778,1.4146002174063617
2016-03-21,-0.7942870934092019,1.6051542385904092,-0.5456438796050347,1.0664898563257574,-0.8115149778987912,1.8414296363785445
2016-04-01,-0.7658487858049532,1.6535485466843145,-0.6066822354412443,0.40788249484225764,-0.5214986334790163,0.3068267507302231
2016-04-11,-0.41416336563243245,0.8034378590660742,0.0042912185534742546,0.17704677566046345,-0.1721202900926783,-0.4737500486503661
2016-04-21,0.06876619563939379,0.59336079815662,0.3275669516376596,0.17948810195135934,0.1857330713089738,-0.9985832243933642
2016-05-01,0.3722520056669014,0.4709484942014982,1.4833703984998812,-0.4121958847835654,0.49487929867762875,-2.0385064747241803
2016-05-11,0.6404618819045648,1.123087700786634,0.9105893201275622,0.19885610646796525,0.7931567289568464,-0.6532668399275599
2016-05-21,0.6997690844243604,0.9593483789264423,1.034435221943624,-0.28414665267232225,1.0084881402640717,0.3775775132982936
2016-06-01,0.7806102393829925,0.6181658441195677,0.6648811100787156,-0.28309072251341144,1.0108643525514132,0.5570300172240462
2016-06-11,0.8184269809228487,-0.21326765362799419,0.6256186610789931,-0.51125018561027,0.6571894514038242,-0.7803766118849891
2016-06-21,0.8683986671999885,-0.8654360895120671,0.4416489981336446,-1.1555099465974714,0.07286072658878033,-1.6081888662063648
2016-07-01,0.9078691169567874,-1.4664887924237828,0.9225430084229846,-0.9871467439160764,-0.33702023940491427,-1.6111172863008705
2016-07-11,0.8927975477731823,-1.2500340977765922,1.112695771106621,-0.9988533770574638,-0.3156710277496624,-0.8847577552482866
2016-07-21,1.0101670528341786,-1.4208734820698814,2.4648617863294304,-0.9056802476111955,0.14418779449715688,-0.6726913796144567
2016-08-01,0.9610354172823263,-0.4024576125197346,0.8474638136523505,-0.5136299357542334,0.6165943464354936,-0.753026576683089
2016-08-11,0.9261457427290517,-0.08786565740302643,0.5852036451049216,-0.45880347496196017,0.9606367348545314,-0.3396590917617122
2016-08-21,0.9350306805723002,-0.3044356084903519,2.3510652223221213,-0.5657424334683223,1.0857713924631776,0.2592163293687019
2016-09-01,0.8221714922563456,-0.05768175613310459,-0.02897580661092194,-0.43962960324313355,1.1349432636672947,-0.2613498889474432
2016-09-11,0.7902813513289585,-0.02297351368202631,0.32579466217966424,-0.6771610006856472,1.1865169146603034,0.061093654757484336
2016-09-21,0.8572613537490712,-0.05374952968952741,0.441267793267164,-0.784986118315994,1.306169691221344,-0.6526972000205195
2016-10-01,0.7073242623052226,0.6047487101703892,-0.7026791671410859,-0.32011742249045694,1.4305745444999016,0.48359352947935796
2016-10-11,0.7234222413942092,0.29861974426682486,0.677377718336242,-0.7379062950689477,1.5081181677862663,-0.09545791272763526
2016-10-21,0.8260539369238777,0.18682398669780004,0.004381411840863444,-0.5176436257505242,1.423118747975138,0.47889548820825517
2016-11-01,0.44680170224637744,0.25585052618003806,-1.1640308395383843,-0.2646184606083871,1.16884403144287,0.4473558696028287
2016-11-11,0.15869241800413378,0.2841371802279292,-1.2070747240493496,0.2654720483084092,0.7514328274913094,0.4584351051703773
2016-11-21,0.18767930323180237,0.2898523939067694,-0.7134020712709995,-0.36524866297001973,0.3521674185716516,-0.6578133493679796
2016-12-01,-0.1662222305404375,0.6143406810550587,-1.1267951531432914,0.5521233427241311,-0.03922250415486197,0.009526918070402643
2016-12-11,-0.5078737465577157,1.0523532402232325,-1.1088992355598997,0.7982395746152267,-0.4271258545265194,0.048313447588744056
2016-12-21,-0.5866909995093964,1.600518958933722,-1.1510949007714928,1.4056695001649553,-0.8964616973495776,1.0069225882194515
