,NDVI_low_skill,Precip_low_skill,Temp_low_skill,NDVI_high_skill,Precip_high_skill,Temp_high_skill
0,0.14438995361328125,1.6791597604751587,36.4041862487793,0.203743896484375,30.80254173278809,34.103382110595696
1,0.14167823791503906,1.0209800004959106,39.72404861450195,0.21977264404296876,46.08906936645508,26.121530532836914
2,0.13946662902832047,2.987233877182007,36.1469612121582,0.22653968811035155,85.59915924072266,27.353330612182614
3,0.13906280517578126,2.0710108280181885,34.410018920898445,0.25621627807617203,48.21040344238281,28.406944274902344
4,0.13906333923339845,2.3269505500793457,34.410018920898445,0.31643966674804713,88.1864013671875,28.406944274902344
5,0.14137619018554687,5.325536251068115,35.222469329833984,0.4008717346191406,71.85629272460938,29.607555389404297
6,0.14454284667968764,1.5735123157501218,36.54159927368164,0.4524406433105469,41.92591857910156,31.19577789306641
7,0.1483757781982422,0.4646643996238709,37.54737854003906,0.4437677001953125,6.832701206207275,37.1251220703125
8,0.14993026733398437,0.8793554902076721,40.995941162109375,0.40377227783203123,6.178525924682617,37.31233596801758
9,0.15217964172363282,4.642248153686523,39.00754928588867,0.3581224060058594,1.8305903673172,35.6501350402832
10,0.15565521240234376,1.465368151664734,36.182464599609375,0.31259841918945286,1.450182557106018,38.61863327026367
11,0.16077331542968765,2.344773054122925,33.003978729248054,0.28854812622070286,8.241790771484375,37.82784652709961
12,0.16660850524902343,2.2459030151367188,29.57201385498047,0.2795652770996094,6.437922477722168,35.312557220458984
13,0.17609367370605483,3.084184408187866,28.163314819335934,0.27469558715820314,0.9834088683128356,36.7066535949707
14,0.18479957580566406,3.0776400566101074,27.17005729675293,0.2652689361572266,1.0097501277923584,32.905601501464844
15,0.19149879455566407,5.231181144714356,26.29493522644043,0.2531776428222656,0.2716505229473114,33.84512710571289
16,0.19415672302246093,3.654152870178223,19.966142654418945,0.23994659423828124,0.0,33.06569290161133
17,0.1980927276611328,4.303372383117677,21.756858825683594,0.22881393432617203,0.0,34.0634765625
18,0.20282516479492202,5.32810115814209,23.27760505676269,0.21906661987304688,0.2172950655221939,34.91012954711914
19,0.20952697753906235,5.024856090545653,25.58758544921875,0.21008880615234374,0.2874153256416321,36.01011276245117
20,0.21367195129394517,6.074053287506104,21.64688873291016,0.20251205444335937,0.3357834815979004,38.76567459106445
21,0.21972869873046874,1.115116834640503,26.59752082824707,0.195958251953125,0.019237572327256203,37.970115661621094
22,0.22327911376953125,0.8977360129356384,25.99030113220215,0.19009017944335938,0.1770799607038498,41.95235061645508
23,0.23079864501953126,1.163090705871582,24.87809562683105,0.18429817199707046,0.9174735546112059,40.7940673828125
24,0.235183563232422,6.758599281311035,30.60994911193848,0.17812561035156235,3.201502084732056,40.93757247924805
25,0.22941429138183594,6.471681118011475,32.397933959960945,0.17320480346679687,3.6911699771881104,44.13326644897461
26,0.21867881774902342,7.4713478088378915,23.318552017211914,0.16946868896484374,3.4456157684326167,43.31409072875977
27,0.20867790222167953,13.118066787719727,39.18996810913086,0.16737548828125,5.997483253479004,46.66556930541992
28,0.19855033874511718,19.13199615478516,34.950000762939446,0.16726043701171875,5.5443878173828125,45.46142578125
29,0.19698150634765624,15.791193962097168,31.259994506835934,0.17028915405273437,5.447021961212158,39.95909881591797
30,0.2002948760986328,4.361076831817627,37.098052978515625,0.17565887451171874,9.854811668395996,40.77580642700195
31,0.20449134826660156,5.617236137390137,33.705116271972656,0.18326416015625,17.642677307128906,41.58163070678711
32,0.20547721862792956,5.880084991455077,34.000991821289055,0.19057052612304687,6.538710594177246,39.38566589355469
33,0.204784698486328,3.4268558025360107,37.97745132446289,0.19384323120117203,7.880380153656006,41.349952697753906
34,0.19756050109863282,0.6277484297752379,35.23754119873047,0.19920860290527342,12.775694847106935,34.81337738037109
35,0.18587005615234375,0.8751219511032104,31.187583923339844,0.21180168151855483,25.11101722717285,29.38772964477539
36,0.172832489013672,2.396902084350586,29.97224998474121,0.23623184204101563,44.32334518432617,27.7099609375
37,0.16420547485351564,1.2439167499542236,36.41657638549805,0.26174423217773435,39.307167053222656,32.22711181640625
38,0.15940597534179687,2.217949390411377,33.70187759399414,0.28832595825195284,80.70724487304688,30.24659919738769
39,0.15794281005859376,10.534934043884276,35.102298736572266,0.30996597290039063,59.73929214477539,30.363319396972656
40,0.15867691040039061,13.827564239501953,33.763259887695305,0.35339706420898437,50.23165893554688,28.0566520690918
41,0.159107666015625,3.1810526847839355,34.03886032104492,0.4044111633300778,71.89421844482422,27.282026290893555
42,0.15935386657714845,1.1668670177459717,34.00353240966797,0.4533064270019531,16.406461715698242,28.446760177612305
43,0.16121696472167954,0.6678030490875244,39.34398651123047,0.46402496337890625,11.241817474365234,32.326698303222656
44,0.16561447143554686,0.5572270750999451,38.29660415649414,0.4630873107910156,7.432444095611572,35.43006134033203
45,0.16964149475097656,1.2348694801330566,39.68987274169922,0.44757354736328125,4.51057243347168,34.887191772460945
46,0.17422821044921874,2.616330146789551,37.58981323242188,0.42609329223632814,3.0332024097442627,34.75448989868164
47,0.17669387817382798,1.9334734678268437,35.58983993530273,0.3935400390625,2.2140793800354004,35.06562042236328
48,0.17807693481445314,2.0805294513702397,33.090049743652344,0.3541619873046878,0.9554635882377625,35.55757141113281
49,0.17717979431152345,2.237981081008911,27.46197891235352,0.3202467346191406,0.9582407474517822,34.95006561279297
50,0.17591941833496094,3.2395308017730717,24.90119934082031,0.29521713256835935,0.9888519048690796,35.87010192871094
51,0.17715370178222656,3.356024742126465,21.47010803222656,0.2783280181884766,0.2716505229473114,31.66338157653809
52,0.179488525390625,3.583838701248169,26.87217712402344,0.26759910583496094,0.0,34.576793670654304
53,0.181377410888672,4.149315357208252,25.90108871459961,0.259091796875,0.0,33.45238494873047
54,0.18031845092773438,5.18377161026001,27.216726303100586,0.24785163879394517,0.2271363437175751,37.11456680297852
55,0.17670837402343764,7.052341938018799,20.054309844970703,0.23667076110839844,0.30043262243270874,34.9876708984375
56,0.17741813659667954,6.451688766479492,20.66997718811035,0.22589019775390626,0.35099124908447266,36.016117095947266
57,0.1846172332763672,1.1151175498962402,24.03025054931641,0.2153606414794922,0.01898226141929626,36.44513320922852
58,0.1957671356201172,0.897736132144928,29.61749267578125,0.20633941650390625,0.17472437024116516,39.718971252441406
59,0.20348159790039064,1.1630913019180298,29.70749282836914,0.19820045471191405,0.9052690267562866,38.69761657714844
60,0.2097314453125,7.5158748626708975,36.50198364257813,0.19352020263671876,3.1951844692230225,41.91450119018555
61,0.2136748504638672,7.588665962219237,32.786609649658196,0.19192344665527344,3.683885335922241,41.94261169433594
62,0.22084114074707045,9.384206771850586,34.090118408203125,0.19114105224609376,3.437352418899536,42.82810974121094
63,0.22782203674316406,24.13465881347656,31.835004806518555,0.18982177734375,6.87575101852417,41.20430374145508
64,0.2381768035888672,43.941993713378906,26.0100154876709,0.18816162109375,6.813340187072754,41.24007797241211
65,0.24560661315917953,24.98295593261719,33.392383575439446,0.185789794921875,7.148813724517822,42.25576400756836
66,0.24784706115722657,4.40235710144043,39.69449234008789,0.18178146362304687,5.70086669921875,42.41250228881836
67,0.23564094543457045,3.7511930465698238,42.30999755859375,0.17759002685546876,5.737305164337157,44.405609130859375
68,0.21950950622558593,6.558727264404298,40.70795440673828,0.17016448974609374,5.560263633728027,39.03205108642578
69,0.20350944519042954,2.518399953842163,40.83205032348633,0.16963226318359376,11.174444198608398,40.863380432128906
70,0.1926189422607422,0.6421101093292236,36.22501754760742,0.1829296875,10.799670219421387,34.812271118164055
71,0.18743347167968763,1.28691828250885,30.24759292602539,0.21493576049804688,41.100929260253906,30.70998764038086
72,0.18287162780761718,1.128523349761963,34.07847213745117,0.26353103637695313,36.25672149658203,29.93293190002441
73,0.17629440307617203,1.018092155456543,36.17654037475586,0.31354568481445283,44.35572814941406,28.59673500061035
74,0.16828102111816406,2.4553651809692383,32.5997314453125,0.3585467529296878,71.7748031616211,30.39013671875
75,0.1623974609375,7.491578578948975,32.34999465942383,0.40394882202148436,89.6367416381836,26.43015098571777
76,0.16090202331542955,4.021578311920166,31.463542938232425,0.45116119384765624,42.56993103027344,27.57017707824707
77,0.16638648986816407,4.664242744445801,37.76150512695313,0.4790681457519531,32.456844329833984,29.16764068603516
78,0.17192100524902343,1.0837358236312866,41.73283767700195,0.47591384887695315,7.402390003204347,30.75672149658203
79,0.17673355102539062,0.8291547894477844,37.13004684448242,0.46110626220703127,10.971484184265137,31.614370346069336
80,0.17826911926269517,0.5237307548522949,38.26981735229492,0.44104782104492185,5.277951240539551,33.602649688720696
81,0.17894813537597656,4.808480262756348,39.48325729370117,0.4002662658691406,9.568868637084961,35.52507019042969
82,0.17952888488769517,2.8257596492767334,37.84988403320313,0.3638465881347656,7.566052436828612,35.65331268310547
83,0.18326431274414062,1.866432905197144,36.39391708374024,0.3346751403808594,1.415143370628357,36.8901252746582
84,0.191041259765625,2.575155258178711,30.93493461608887,0.3142486572265622,0.9568486213684082,36.03009033203125
85,0.19722557067871094,2.5031769275665283,28.76797103881836,0.2990435791015622,0.9591551423072816,36.190162658691406
86,0.19359878540039063,2.5172100067138667,26.312414169311523,0.28664306640625,0.9897950291633606,33.345142364501946
87,0.18317276000976562,10.287972450256348,26.49635505676269,0.26823890686035157,0.2716505229473114,33.15764617919922
88,0.180747528076172,3.573291778564453,21.63324546813965,0.24987388610839845,0.0,34.79240036010742
89,0.18071792602539063,4.095877170562743,23.53332328796387,0.2348334503173828,0.0,33.826187133789055
90,0.18893707275390625,5.0484771728515625,23.640092849731445,0.22598846435546874,0.2150982767343521,35.02350616455078
91,0.19585563659667954,5.459481716156006,11.750917434692385,0.21979774475097658,0.2845096290111542,33.354259490966804
92,0.20597633361816406,7.738926410675049,23.564401626586914,0.21389175415039063,0.3323887288570404,37.23416137695313
93,0.21640464782714844,1.1139018535614014,26.432003021240234,0.20565246582031235,0.01877668872475624,38.31233215332031
94,0.22838447570800782,0.8908437490463257,29.544376373291016,0.19740753173828124,0.17283210158348086,40.29518127441406
95,0.23454971313476564,1.1618226766586304,28.64154624938965,0.1898072814941406,0.8954656720161438,43.23866653442383
96,0.23617477416992202,7.688393115997314,31.1324462890625,0.18516197204589843,3.2054359912872314,43.8213005065918
97,0.23097724914550782,4.96459436416626,25.20450592041016,0.18420646667480484,5.050704002380371,40.67572784423828
98,0.22559623718261718,5.506141662597656,32.85999298095703,0.18524787902832046,3.4535574913024902,42.279029846191406
99,0.2180474090576172,11.088521003723145,38.82550811767578,0.186424560546875,7.282981872558594,44.88751602172852
100,0.21377357482910156,35.723358154296875,35.47502517700195,0.18973976135253906,6.73274564743042,44.552154541015625
101,0.21365760803222655,55.75394058227539,28.796741485595703,0.19244865417480483,11.79493236541748,36.9050407409668
102,0.21872840881347655,4.7843170166015625,38.09885787963867,0.19438232421875,5.169702053070068,41.51512908935547
103,0.22883674621582045,7.1186766624450675,38.878501892089844,0.19268760681152344,8.32304573059082,41.472164154052734
104,0.23794006347656235,10.084677696228027,35.23433303833008,0.18890480041503907,45.71681213378906,39.34330368041992
105,0.23774749755859376,3.0030441284179688,36.947731018066406,0.18366348266601562,6.9083313941955575,38.4399528503418
106,0.22387145996093763,0.6786127090454102,39.067665100097656,0.18822868347167954,28.064411163330078,28.338756561279297
107,0.20363555908203124,0.9331597685813904,36.15996170043945,0.20795265197753907,23.81714630126953,28.56662750244141
108,0.18417907714843765,1.3656847476959229,34.61001205444336,0.24020256042480484,40.06821060180664,25.921878814697266
109,0.17183555603027345,1.2825267314910889,39.41829681396485,0.27842422485351564,24.41696739196777,29.595760345458984
110,0.16622291564941405,2.5091781616210938,32.34614944458008,0.31821929931640625,51.868896484375,34.473949432373054
111,0.16404899597167955,3.295583248138428,35.20489883422852,0.35444610595703124,63.59259033203125,27.152875900268555
112,0.163344268798828,2.6068365573883057,35.767120361328125,0.3962924194335937,49.25961685180664,27.792829513549805
113,0.16386871337890624,2.306361436843872,33.1522216796875,0.44786041259765624,70.07084655761719,27.10671424865723
114,0.1664459991455078,1.0512008666992188,41.49421691894531,0.494866943359375,23.339853286743164,27.69343185424805
115,0.16918121337890624,0.4395090639591217,37.52783584594727,0.5154769897460938,9.399179458618164,30.352495193481445
116,0.17005744934082045,0.7868022918701172,41.92989730834961,0.5082292175292968,4.280411243438722,34.596691131591804
117,0.17000679016113282,1.6022437810897827,40.2099838256836,0.4775910949707031,2.952184200286865,32.225143432617195
118,0.169859619140625,1.6095619201660156,38.8399772644043,0.4417645263671875,1.2543227672576904,34.78005599975586
119,0.17046279907226564,1.0547493696212769,35.60791778564453,0.3973960876464844,1.0710657835006714,34.743423461914055
120,0.17260894775390626,1.655308961868286,30.54387092590332,0.36714797973632785,0.9566900730133056,36.13452911376953
121,0.17831436157226563,2.4657976627349854,27.253114700317386,0.34643005371093777,0.9594703316688538,34.41265106201172
122,0.18755455017089845,2.1965129375457764,28.43231964111328,0.3317619323730472,0.9905985593795776,33.29898452758789
123,0.19668609619140626,3.382264852523804,29.052064895629886,0.31647872924804715,0.2716505229473114,33.050094604492195
124,0.19842681884765626,3.530445098876953,30.183311462402344,0.29918914794921875,0.0,35.50762176513672
125,0.19443336486816407,3.895076513290405,26.112079620361328,0.28034454345703125,0.0,34.87456512451172
126,0.18903053283691407,5.031059741973877,28.010040283203125,0.26512199401855485,0.21509845554828644,35.91012954711914
127,0.18087997436523437,5.329174518585205,20.15609359741211,0.2528916168212891,0.28450945019721985,34.77685546875
128,0.1698407745361328,6.18149995803833,30.158973693847656,0.24255310058593765,0.3323885202407837,37.5345573425293
129,0.15985412597656234,1.0281866788864136,30.11238670349121,0.23065803527832046,0.01870821416378021,39.33761978149414
130,0.15222816467285155,1.0854964256286619,25.03594970703125,0.21979843139648436,0.17227351665496826,40.06793975830078
131,0.14805046081542955,1.1041152477264404,31.909950256347656,0.209184112548828,0.8924880623817444,40.1386947631836
132,0.14899169921875,5.29352617263794,35.52114486694336,0.2010771942138672,3.242882490158081,41.75758743286133
133,0.14997955322265624,5.381649971008301,28.23420524597168,0.19467948913574218,3.779640436172485,41.82348251342773
134,0.15475639343261718,11.699152946472168,26.67011070251465,0.19148536682128905,3.320427894592285,43.350040435791016
135,0.16534729003906234,52.78282928466797,25.906116485595703,0.19133995056152345,7.342591762542725,40.85016250610352
136,0.1806464385986328,12.261834144592285,28.65449142456055,0.19168472290039062,6.570603370666504,45.44324493408203
137,0.20025772094726563,14.843999862670898,37.969970703125,0.19519927978515625,7.096843719482423,42.35851287841797
138,0.223756103515625,16.502777099609375,32.50501251220703,0.20226409912109375,19.461402893066406,41.60675430297852
139,0.24082931518554687,13.623197555541992,27.462055206298828,0.214013671875,41.66492462158203,35.473445892333984
140,0.24995368957519518,4.688699722290039,38.0659294128418,0.22666221618652344,10.924735069274902,38.87255096435547
141,0.24412086486816406,0.7000778317451477,38.85895919799805,0.23912727355957045,10.162385940551758,36.10012435913086
142,0.22630599975585938,0.6707115769386292,39.327735900878906,0.242727508544922,12.676446914672852,33.874584197998054
143,0.20608306884765626,0.9296614527702332,37.23576354980469,0.24880653381347656,18.544076919555664,30.24262619018555
144,0.18430931091308594,1.4949584007263184,36.57994842529297,0.2572708892822266,39.51284408569336,30.476844787597656
145,0.16853767395019517,0.9686152338981628,34.260284423828125,0.2788133239746094,46.85712051391602,28.82998085021973
146,0.15978507995605484,2.2817206382751465,34.01244354248047,0.31158126831054717,48.4094352722168,31.87671661376953
147,0.156410675048828,6.104651927947997,35.298789978027344,0.35072433471679715,37.55050277709961,29.67007064819336
148,0.15640563964843765,4.426516532897949,33.76497268676758,0.38843780517578125,86.93976593017578,26.540027618408203
149,0.15865745544433593,4.904775619506836,33.084102630615234,0.432249755859375,59.47773742675781,27.58724594116211
150,0.16086090087890625,1.116875171661377,33.83007431030273,0.4789517211914063,42.23654174804688,29.893970489501953
151,0.1642961883544922,0.6046140193939209,39.07854080200195,0.5131657409667969,20.10639953613281,28.37005043029785
152,0.16926986694335938,0.7369990944862366,36.44119644165039,0.525638427734375,10.288753509521484,31.62147521972656
153,0.17257835388183593,2.136395215988159,38.93393325805664,0.5129867553710937,2.8787825107574463,35.97004318237305
154,0.17433494567871094,2.638707637786865,35.98418426513672,0.4780708312988281,1.5027967691421509,34.292598724365234
155,0.17453941345214843,6.930848598480225,34.284835815429695,0.43315231323242187,12.048680305480955,34.04716110229492
156,0.17375061035156236,1.7549375295639038,31.839826583862305,0.39092941284179716,1.0410623550415041,34.53676605224609
157,0.1698688507080078,1.941073656082153,27.047664642333984,0.35806167602539063,0.9926391243934632,34.10790634155273
158,0.15748252868652343,2.3422679901123047,19.652801513671875,0.3356275939941406,1.0197196006774902,28.752668380737305
159,0.14224449157714844,4.065322399139403,19.703458786010746,0.31802947998046877,0.2716505229473114,33.267868041992195
160,0.13611015319824218,4.816779613494873,20.05010223388672,0.30392181396484375,0.0,32.738998413085945
161,0.142353515625,4.229461193084717,19.147483825683594,0.286011962890625,0.0,33.64215469360352
162,0.15612632751464844,5.81146764755249,19.998889923095703,0.27067214965820313,0.2186247855424881,33.710128784179695
163,0.17033012390136718,7.5931525230407715,17.854150772094727,0.257492218017578,0.2901230156421661,34.012630462646484
164,0.18483779907226563,9.525813102722168,18.405309677124023,0.2459210968017578,0.33799442648887634,35.128162384033196
165,0.20371856689453124,1.4703750610351562,25.909807205200195,0.233023681640625,0.018805410712957386,38.38761901855469
166,0.2289617156982422,1.122938632965088,22.790292739868164,0.21831367492675782,0.17314893007278442,39.02716064453125
167,0.26090278625488283,1.4548608064651491,30.67999649047852,0.20647720336914063,0.8986809253692627,40.986305236816406
168,0.28214996337890624,6.92632532119751,31.54501533508301,0.19903366088867203,3.4281563758850098,40.12575912475586
169,0.2897274780273438,6.936755657196045,32.19757843017578,0.19511787414550782,3.83447790145874,42.40343856811523
170,0.287982177734375,9.088748931884766,29.50764083862305,0.19331481933593764,6.764510154724121,44.17010498046875
171,0.28649581909179717,15.338519096374512,34.909969329833984,0.19133918762207044,7.803877353668213,42.54119491577149
172,0.2756349182128906,14.647613525390625,31.48133850097656,0.18994338989257797,5.915134906768799,39.57505798339844
173,0.26543640136718766,11.651158332824707,36.98102951049805,0.19108024597167955,7.893632411956787,42.18669509887695
174,0.25035781860351564,6.545052528381348,36.05407333374024,0.19547004699707046,7.279817581176758,43.00424575805664
175,0.23904167175292954,4.588181018829347,36.11505889892578,0.20195083618164061,12.019257545471193,39.50156784057617
176,0.2293756866455078,10.97254467010498,35.21398162841797,0.20899070739746095,6.569523811340332,38.61892318725586
177,0.220675048828125,5.270527362823486,34.092273712158196,0.21185638427734374,9.703676223754883,36.74667739868164
178,0.21093742370605484,0.6960523128509521,36.3321418762207,0.21600456237792953,17.771034240722656,33.152538299560554
179,0.20223670959472656,0.97130686044693,34.63491058349609,0.22436218261718766,14.758965492248535,33.44341278076172
180,0.194779815673828,2.45317006111145,30.874958038330078,0.24509765625,58.63351440429688,29.57503890991211
181,0.19057861328125,1.4497312307357788,32.336753845214844,0.2822459411621094,81.42876434326172,29.473865509033203
182,0.18899803161621093,2.5536158084869385,31.04402160644531,0.3336984252929687,59.6383171081543,27.41339111328125
183,0.18762481689453125,2.394535541534424,33.57002639770508,0.390400390625,64.73979949951172,25.93503761291504
184,0.18445930480957046,5.358721256256104,32.85872268676758,0.44848968505859377,58.24673843383789,29.982038497924805
185,0.18104904174804687,4.021255970001222,36.66707992553711,0.5008221435546875,66.39497375488281,27.407459259033203
186,0.17931297302246094,1.2172006368637085,34.903175354003906,0.5331718444824218,23.450084686279297,27.83009147644043
187,0.18219284057617202,0.479978621006012,33.58996963500977,0.5353837585449219,16.112266540527347,29.543441772460934
188,0.18652084350585937,0.5530383586883545,38.649864196777344,0.5067869567871094,5.285890102386475,33.255149841308594
189,0.19318542480468764,0.9046239852905272,40.59216690063477,0.46401473999023435,1.613707423210144,35.50796890258789
190,0.19531990051269518,2.3751440048217773,35.48996353149414,0.4012925720214844,4.636090278625488,34.914520263671875
191,0.19703971862792954,1.0531959533691406,36.34265518188477,0.35651611328125,1.182207465171814,33.910171508789055
192,0.19441810607910157,2.406318187713623,32.43220901489258,0.3250227355957028,1.017883539199829,32.67267227172852
193,0.19478614807128905,1.9528510570526123,32.034347534179695,0.3063887023925778,0.9761071801185608,34.296829223632805
194,0.19387588500976563,2.179684400558472,27.64377403259277,0.29418609619140623,0.9999353289604188,33.74794769287109
195,0.19276512145996094,3.470341444015503,30.00101089477539,0.28453582763671875,0.2716505229473114,34.37268447875977
196,0.18940200805664062,3.656015872955322,29.41387939453125,0.27375740051269515,0.0,33.425724029541016
197,0.18276824951171874,4.2367682456970215,26.8780574798584,0.26229171752929686,0.0,33.07417678833008
198,0.17231910705566406,4.8400702476501465,25.615856170654297,0.2512745666503906,0.21519850194454196,34.000232696533196
199,0.16559486389160155,9.449701309204102,20.096567153930664,0.24119293212890625,0.28470295667648315,34.565139770507805
200,0.16327438354492202,5.821708679199219,20.84014320373535,0.231422882080078,0.7147676944732666,33.334625244140625
201,0.16131454467773437,1.1151187419891355,30.21219825744629,0.22206520080566405,0.01877116784453392,36.71018600463867
202,0.15809234619140625,0.8977364301681519,29.191917419433594,0.21348472595214843,0.172833651304245,38.041259765625
203,0.15064071655273437,1.163091778755188,30.262510299682614,0.20517967224121095,0.8955019116401672,39.93870162963867
204,0.14519050598144517,6.664414882659912,35.37443923950195,0.19660881042480483,3.255373477935791,42.36567306518555
205,0.1398589324951172,6.672772407531737,38.374000549316406,0.19001091003417955,3.79130220413208,39.432395935058594
206,0.13787849426269516,7.408168315887451,38.691993713378906,0.18643447875976563,3.272901058197021,45.04121398925781
207,0.13913513183593765,8.806647300720215,38.85000228881836,0.18843917846679686,13.788211822509766,43.583492279052734
208,0.14255043029785155,9.621997833251953,34.97323989868164,0.19396316528320312,13.964323043823242,39.90251922607422
209,0.14809196472167954,11.28257942199707,33.972278594970696,0.20426086425781237,8.291096687316895,36.64008331298828
210,0.1563861846923828,6.6940202713012695,37.2720947265625,0.21569694519042953,10.371939659118652,39.72503662109375
211,0.16752593994140624,22.867023468017575,37.70014572143555,0.22474288940429688,20.656280517578125,41.4940071105957
212,0.17915863037109375,17.89649772644043,29.38226890563965,0.22977478027343765,10.600919723510742,38.5698356628418
213,0.18924865722656237,4.262230396270752,32.906021118164055,0.22911903381347656,10.877751350402832,32.781448364257805
214,0.1869977569580078,0.5920142531394958,33.09439468383789,0.236461944580078,15.003267288208008,33.72665786743164
215,0.1760639190673828,1.8027806282043457,35.48003005981445,0.2517765808105469,19.292400360107425,33.624343872070305
216,0.16300704956054687,1.1863949298858645,35.18334579467773,0.27724876403808596,40.24892044067383,28.537616729736328
217,0.14762718200683594,1.060388207435608,35.43561553955078,0.30826309204101565,48.4136848449707,29.643346786499023
218,0.13665824890136719,2.216762065887451,32.281837463378906,0.3393055725097656,30.215002059936523,31.83331298828125
219,0.13362861633300782,2.095642328262329,36.48139953613281,0.36883575439453126,46.94909286499024,29.84708595275879
220,0.13914031982421876,2.205275535583496,34.233386993408196,0.4038758850097656,96.76776123046876,27.56674575805664
221,0.14451583862304687,3.6625239849090576,36.587745666503906,0.436751708984375,67.3013916015625,31.28507995605469
222,0.15004066467285157,1.4072859287261963,36.95549392700195,0.4550628662109375,57.13362503051758,28.81009101867676
223,0.15106941223144518,0.7019390463829039,32.104442596435554,0.4531114196777344,5.9522857666015625,31.830034255981445
224,0.14939811706542955,0.5070592761039734,39.664817810058594,0.435299072265625,4.91507625579834,34.59008407592773
225,0.14685997009277343,2.692373037338257,38.18770599365234,0.4027587890625,2.3602442741394043,33.23260498046875
226,0.15024894714355483,1.8542150259017944,38.6274299621582,0.3660647583007812,2.5013763904571533,35.295127868652344
227,0.15704772949218765,2.290255308151245,33.32210922241211,0.33382110595703124,1.4549061059951782,35.236785888671875
228,0.16919456481933592,11.343290328979492,28.225933074951172,0.31086273193359376,1.0100829601287842,34.257614135742195
229,0.18586349487304688,2.4061129093170166,29.034046173095703,0.29613693237304717,1.0136520862579346,34.70569229125977
230,0.20433219909667955,4.3349876403808585,27.03881645202637,0.2843144226074222,1.0413061380386353,35.12127685546875
231,0.216227569580078,3.5515258312225337,26.20005226135254,0.27240974426269515,0.2716505229473114,33.12569808959961
232,0.22019248962402344,3.63537335395813,26.917932510375977,0.2586003112792969,0.0,32.905715942382805
233,0.2159050750732422,4.212839126586913,26.33410453796387,0.2462676239013672,0.0,33.75514602661133
234,0.21274108886718765,4.481818675994873,24.224552154541016,0.2356865692138672,0.2154182940721512,35.41238021850586
235,0.21841690063476563,9.262418746948242,20.65016746520996,0.2294255828857422,0.2849932312965393,34.53905868530273
236,0.23638465881347656,7.678250312805176,20.73687171936035,0.22324401855468765,0.33295390009880066,37.36564636230469
237,0.25413291931152343,1.2393218278884888,26.60756683349609,0.21463439941406237,0.018911037594079968,37.59677505493164
238,0.26078468322753906,1.5453962087631226,27.022523880004886,0.202744598388672,0.17405563592910767,37.27008438110352
239,0.26198425292968763,1.320056438446045,28.453330993652344,0.1923162078857422,0.901102900505066,38.21866226196289
240,0.26117767333984376,8.960468292236328,31.78004264831543,0.18559753417968763,3.2355074882507324,43.07013702392578
241,0.25070709228515625,9.058541297912598,34.382396697998054,0.18585601806640625,3.7203328609466553,40.88747024536133
242,0.23968048095703126,10.228261947631836,31.94345474243164,0.18672477722167954,3.3665871620178223,43.948158264160156
243,0.22763092041015626,18.8510799407959,28.54113960266113,0.18559112548828124,5.921013832092285,40.51876068115234
244,0.21430496215820313,8.555421829223633,36.10774230957031,0.18161674499511718,5.57121467590332,43.06754684448242
245,0.20391181945800782,7.902552127838135,38.20500564575195,0.17743614196777344,5.552301406860352,45.6678581237793
246,0.1979521942138672,3.9658112525939937,40.30798721313477,0.17807113647460937,6.716911792755128,45.32712936401367
247,0.1939697265625,12.033661842346193,34.323326110839844,0.18047447204589845,6.508570671081543,43.76976013183594
248,0.193441162109375,3.0277521610260014,39.90079879760742,0.18168212890625,5.881630420684815,41.3000602722168
249,0.19329925537109374,3.5097229480743413,31.89008331298828,0.17876174926757799,7.219911098480225,38.430118560791016
250,0.18815322875976562,2.736854553222656,38.385353088378906,0.175557861328125,16.338132858276367,39.9699592590332
251,0.17864456176757798,3.0297181606292725,36.8239631652832,0.17573135375976562,21.16497039794922,34.9642333984375
252,0.16960441589355482,1.2660447359085083,31.69007682800293,0.19278938293457046,44.34712219238281,25.00002670288086
253,0.16315078735351562,1.191501259803772,32.17005157470703,0.23058456420898438,57.04479217529297,26.65809631347656
254,0.15924224853515626,3.894989967346192,35.694522857666016,0.28331619262695285,78.34590911865234,29.6340446472168
255,0.15946945190429687,2.294076919555664,42.03652572631836,0.34499359130859375,62.90696716308594,27.192569732666016
256,0.15922996520996094,2.8525481224060063,31.8026180267334,0.40745651245117187,37.546634674072266,29.625022888183594
257,0.16004249572753906,6.003730297088622,29.75755882263184,0.4621510314941406,93.4008331298828,27.320030212402344
258,0.16217422485351562,1.5030492544174194,36.707427978515625,0.49895065307617187,14.534646987915039,29.277570724487305
259,0.16435409545898438,0.44267883896827703,40.50990295410156,0.5049807739257812,6.926684379577638,35.51893615722656
260,0.16753112792968763,0.6916433572769165,41.35749053955078,0.485098876953125,5.256635665893555,36.48787307739258
261,0.16792633056640624,2.29213285446167,39.563236236572266,0.44387542724609375,2.4192116260528564,35.024402618408196
262,0.16842208862304686,2.421252727508545,37.85391616821289,0.3968400573730472,3.2641634941101074,35.2130126953125
263,0.16940483093261718,2.9448845386505127,32.927772521972656,0.35833679199218776,3.0125410556793213,35.48447036743164
264,0.1698291015625,2.130501508712769,35.42232131958008,0.3341471862792972,1.0101324319839478,36.7923698425293
265,0.17077644348144516,2.124344110488892,33.75551223754883,0.320234375,0.9870592951774596,33.37516403198242
266,0.17262428283691406,3.307369470596313,25.12517547607422,0.30996368408203123,1.0181281566619873,29.875776290893555
267,0.17778869628906235,4.677908897399902,22.51268577575684,0.2993672180175778,0.27165049314498896,33.87905502319336
268,0.186361083984375,4.898290157318115,20.86359405517578,0.2886045837402344,0.0,34.40127944946289
269,0.1922181701660156,10.11332893371582,22.13894844055176,0.2750078582763672,0.0,32.13907623291016
270,0.19489906311035157,5.181689739227295,27.736083984375,0.2608783721923828,0.2259393185377121,33.265701293945305
271,0.192698974609375,5.3336448669433585,29.250078201293945,0.248403778076172,0.2989071011543274,34.02724075317383
272,0.18983436584472657,6.069781303405763,25.78570938110352,0.23807060241699218,0.34921547770500183,35.68614196777344
273,0.18599922180175782,1.1893433332443235,28.35016822814941,0.22792686462402345,0.01873878762125969,36.99583053588867
274,0.18568450927734376,3.737036466598511,28.016679763793945,0.21815635681152343,0.1724473536014557,38.67672729492188
275,0.18305412292480483,1.1704906225204468,32.346691131591804,0.20613906860351563,0.8933055996894836,39.536781311035156
276,0.17686164855957046,5.023834228515625,31.156158447265625,0.19756172180175782,3.2182791233062744,38.98507690429688
277,0.16950584411621095,4.868635177612305,39.13222122192383,0.19398536682128906,3.694432020187378,40.792274475097656
278,0.15966354370117203,5.833132743835449,33.426025390625,0.19620048522949218,3.421764373779297,37.38336944580078
279,0.15826141357421875,11.847094535827635,33.81452178955078,0.20330764770507798,7.845154285430907,36.02724838256836
280,0.16950485229492201,23.47744369506836,31.73588943481445,0.21255889892578125,6.773475646972656,40.49593734741211
281,0.19234039306640624,14.55048656463623,31.6409969329834,0.22064743041992202,11.77301788330078,39.3801155090332
282,0.21620765686035157,12.607641220092773,30.4777946472168,0.2242626953125,9.766496658325195,40.03005599975586
283,0.22534240722656235,8.475647926330566,36.458984375,0.22409843444824218,8.227383613586426,40.15576934814453
284,0.21995285034179687,7.087936401367188,38.5335693359375,0.21655212402343765,7.59088134765625,39.53217315673828
285,0.203173370361328,1.497280836105347,32.735164642333984,0.2085370635986328,22.901893615722656,35.69397735595703
286,0.18334053039550782,1.290435552597046,36.66970825195313,0.20844032287597655,12.291237831115724,32.312606811523445
287,0.16332313537597656,0.8830953240394592,37.23840713500977,0.22219635009765626,12.878171920776367,32.72245407104492
288,0.15041572570800782,2.840131998062134,32.74599456787109,0.25706527709960936,29.59562873840332,32.23802947998047
289,0.14478004455566407,11.834184646606445,30.83657264709473,0.3097520446777344,100.17792510986328,27.749988555908203
290,0.14348861694335938,5.338993549346924,33.763317108154304,0.360859375,33.14403915405273,28.67795753479004
291,0.14353500366210936,3.7023696899414062,30.7425594329834,0.405037841796875,45.33942794799805,28.938573837280273
292,0.14198081970214843,2.80630874633789,31.80768203735352,0.43891326904296873,55.32890701293945,30.17334747314453
293,0.14213172912597657,8.183535575866701,32.58774185180664,0.4626409912109375,81.00091552734375,31.416711807250977
294,0.14337097167968765,1.100994110107422,40.686912536621094,0.4845477294921875,21.91705703735352,29.677988052368164
295,0.14579795837402343,0.6232793927192688,42.52396774291992,0.504417724609375,16.465509414672848,31.149885177612305
296,0.14576911926269517,0.508346676826477,41.24328994750977,0.5096961975097656,5.871535778045653,35.50253295898437
297,0.14724685668945312,4.71157169342041,34.56003952026367,0.47894256591796874,1.81859028339386,35.7945442199707
298,0.148243408203125,3.2456390857696533,38.67394638061523,0.4281190490722656,1.3472055196762085,35.876712799072266
299,0.14909271240234376,4.1535658836364755,38.02395248413086,0.37416366577148436,1.2425556182861328,35.37681579589844
300,0.15204559326171874,3.3126895427703857,34.04996490478516,0.3341912841796878,0.9867066740989684,35.16343307495117
301,0.15429328918457044,4.142021179199219,31.77254676818848,0.3121290588378906,0.990721583366394,34.201114654541016
302,0.15596107482910157,3.9148573875427246,28.43288803100586,0.3022596740722656,1.0177501440048218,34.250099182128906
303,0.15695266723632798,5.114234924316406,28.254549026489254,0.29174728393554716,0.2716505229473114,32.690155029296875
304,0.1562700653076172,5.079489231109619,25.272401809692386,0.28194976806640626,0.0,32.51583480834961
305,0.15596351623535157,5.72628116607666,24.4191951751709,0.2715375518798828,0.0,33.40414047241211
306,0.15876770019531236,5.4442100524902335,23.75743293762207,0.260867156982422,0.23119869828224185,32.201271057128906
307,0.16710617065429687,7.306507587432861,19.578542709350586,0.24969459533691407,0.29417675733566284,34.91674041748047
308,0.1791767120361328,8.396363258361816,21.31578826904297,0.23715896606445314,0.3485235273838043,35.8841552734375
309,0.19261169433593764,1.1062332391738892,27.581117630004886,0.22442535400390626,0.01866997592151165,39.89680862426758
310,0.20080055236816408,0.8905839920043945,27.315242767333984,0.21357887268066406,0.17364320158958435,38.73265075683594
311,0.20398742675781237,1.153826117515564,31.552474975585934,0.20749237060546874,0.8919159173965454,39.985252380371094
312,0.21089134216308594,7.683140754699707,29.096694946289066,0.20448036193847657,3.377891540527344,39.910118103027344
313,0.22043212890625,12.483968734741213,26.38517570495605,0.2039208984375,9.209921836853027,36.60514831542969
314,0.22487045288085938,4.267191886901856,32.60449981689453,0.19954216003417954,3.2369933128356934,39.512123107910156
315,0.21253028869628907,10.893287658691406,34.950027465820305,0.1940033721923828,6.612028121948242,44.04762268066406
316,0.19851837158203126,22.304981231689453,35.25668716430664,0.19018569946289063,6.2131452560424805,40.62548065185547
317,0.18326461791992202,11.697260856628418,34.181934356689446,0.19061279296875,7.961489200592041,42.01255416870117
318,0.17300048828125,6.575869083404541,35.38772201538086,0.19330528259277344,6.931769847869872,40.675682067871094
319,0.16680435180664063,4.645326137542725,37.68997192382813,0.19509254455566405,6.46686315536499,41.196720123291016
320,0.1633075714111328,20.65933609008789,35.61489486694336,0.19519523620605483,34.47603988647461,36.26500701904297
321,0.15888366699218764,3.535739660263061,36.91436004638672,0.1952361297607422,6.207005023956299,33.46204376220703
322,0.15628044128417953,2.4564032554626465,33.894332885742195,0.19930427551269517,15.725082397460938,35.523197174072266
323,0.15478698730468765,1.3632850646972656,30.39513969421387,0.20957283020019518,11.467260360717773,33.96148681640625
324,0.15147132873535157,1.1509947776794434,37.71437072753906,0.22577056884765626,17.99407196044922,34.69000244140625
325,0.14423233032226562,2.3615176677703857,30.441713333129886,0.24073493957519518,19.82374382019043,33.42200088500977
326,0.13622650146484375,3.08145809173584,33.82980728149414,0.2616716003417969,48.110557556152344,29.665958404541016
327,0.13263458251953125,3.7802927494049072,33.44977188110352,0.2870831298828122,48.64401626586914,26.06213760375977
328,0.13458763122558592,2.397475481033325,35.81003952026367,0.33148193359375,64.79372406005861,29.18595123291016
329,0.14420295715332046,10.884488105773926,32.64260482788086,0.39232818603515623,70.88448333740234,30.97997093200684
330,0.15546554565429688,1.0564504861831665,32.26749801635742,0.4603948974609375,31.051204681396484,26.99006462097168
331,0.16170608520507798,0.4399925768375397,38.83488464355469,0.5006137084960938,17.87858772277832,28.16514015197754
332,0.16295852661132798,1.274540901184082,35.05002593994141,0.5081646728515625,17.214393615722653,33.334487915039055
333,0.16065452575683595,1.9418182373046875,39.737892150878906,0.4887504577636719,2.8905632495880127,35.81227493286133
334,0.15964927673339843,2.0863099098205566,38.96763229370117,0.45269775390625,2.026455402374268,35.56762313842773
335,0.15988914489746095,1.0411436557769775,35.70598220825195,0.40670852661132784,1.836455464363098,34.948192596435554
336,0.16058555603027344,2.240444660186768,32.63603973388672,0.3638331604003906,0.9697373509407043,34.45764923095703
337,0.16271430969238282,3.66254472732544,29.592294692993164,0.33120635986328123,4.726682662963867,35.010047912597656
338,0.16767478942871095,2.955132007598877,19.470558166503906,0.30788497924804714,1.0056946277618408,33.387989044189446
339,0.17539329528808595,3.5015318393707275,25.382015228271484,0.28925460815429715,0.2716505229473114,33.181285858154304
340,0.18507118225097657,3.671606302261353,29.03995513916016,0.27470428466796876,0.0,32.01015853881836
341,0.18790344238281237,4.2140631675720215,29.513612747192386,0.25947998046875,0.0,35.02125930786133
342,0.18279190063476564,5.029257774353027,25.965564727783203,0.24511123657226563,0.21436893939971924,34.890159606933594
343,0.17452018737792954,5.3458333015441895,22.083423614501953,0.2332257843017578,0.2838209271430969,34.38122940063477
344,0.16736099243164063,6.179295063018799,25.64825439453125,0.22407188415527343,0.3345505893230438,35.96792221069336
345,0.161295928955078,1.1129990816116333,30.494930267333984,0.2144158172607422,0.01865956373512745,38.25014877319336
346,0.1561418914794922,0.8975195884704591,33.587745666503906,0.20352531433105484,0.17357046902179718,39.487876892089844
347,0.14908508300781237,1.162811279296875,26.493061065673828,0.19351676940917956,0.8917385935783386,40.547607421875
348,0.14122528076171875,6.191940784454347,32.23442840576172,0.18745040893554688,3.2217249870300293,39.74726867675781
349,0.13513580322265625,6.199685096740723,36.01200866699219,0.18462997436523437,3.762418508529663,42.86119842529297
350,0.13672981262207046,9.959575653076172,28.126636505126953,0.18451034545898437,5.9709534645080575,41.53420639038086
351,0.14657691955566407,51.4433822631836,23.33366203308105,0.1836479949951172,6.40676212310791,43.39897918701172
352,0.16439201354980482,13.336621284484865,30.04008865356445,0.18129051208496094,5.677533149719237,44.99006652832031
353,0.1831035614013672,10.13853931427002,33.85757827758789,0.18096435546875,6.53732967376709,40.78737258911133
354,0.19782241821289062,6.6160035133361825,33.82764434814453,0.18200454711914063,11.962711334228516,35.79346466064453
355,0.19796844482421874,6.7342939376831055,36.79392623901367,0.18684913635253905,7.050159454345702,42.02336883544922
356,0.18635231018066406,3.063965320587158,39.81989288330078,0.19292884826660156,7.365290641784668,39.01227188110352
357,0.17382080078125,1.1526424884796145,36.865089416503906,0.204272003173828,10.689604759216307,34.067535400390625
358,0.16183952331542956,1.710398554801941,38.88526916503906,0.22543724060058593,14.81096649169922,33.49854278564453
359,0.1504497528076172,1.5920131206512451,37.43551635742188,0.2533428192138672,22.370939254760746,27.60500526428223
360,0.14256355285644517,2.3739025592803955,31.995153427124023,0.27604835510253906,56.48472595214844,30.64214134216309
361,0.13500999450683593,2.214531898498535,32.232894897460945,0.29091461181640627,31.44741630554199,26.13005065917969
362,0.12807373046875,3.661842823028565,28.26661491394043,0.30154876708984374,68.33173370361328,28.150081634521484
363,0.12524024963378907,5.1087608337402335,29.84502029418945,0.32275070190429717,75.440673828125,24.33009529113769
364,0.1251593780517578,3.860373258590698,35.84471893310547,0.3633050537109378,43.307376861572266,27.43005180358887
365,0.12713203430175782,3.945855617523194,30.919965744018555,0.4228828430175781,61.9987907409668,28.32013702392578
366,0.13156547546386718,1.0848963260650637,34.89987945556641,0.47370803833007813,20.61707305908203,28.88752555847168
367,0.13762702941894517,0.4554630219936371,38.89992904663086,0.49565963745117186,22.89609718322754,28.790122985839844
368,0.14357978820800782,1.2088152170181274,38.80116271972656,0.4911320495605469,5.565519332885742,34.330123901367195
369,0.14721809387207047,2.8518457412719727,38.028018951416016,0.4480928039550781,4.252370834350587,36.09020614624024
370,0.151556396484375,2.6152865886688232,39.20998001098633,0.39304428100585936,1.8380242586135864,36.55517578125
371,0.155732421875,5.762296199798584,32.37442779541016,0.34210754394531223,2.635344982147217,35.96567916870117
372,0.15877502441406235,1.503021001815796,32.93661880493164,0.31286102294921875,11.524048805236815,34.062637329101555
373,0.15820365905761719,1.8146530389785769,27.91508865356445,0.3004925537109378,0.9739970564842224,34.78008270263672
374,0.154407958984375,3.34387469291687,23.955158233642575,0.29189865112304714,0.9804033637046814,34.753128051757805
375,0.15386314392089845,3.363520383834839,25.90108299255371,0.2752587890625,0.2716505229473114,35.83906936645508
376,0.15416038513183594,4.152106285095215,22.53024101257324,0.2582602691650391,0.0,32.08014297485352
377,0.15630195617675782,4.289379596710205,23.44136047363281,0.24528907775878905,0.0,32.60216522216797
378,0.15778816223144518,5.1352739334106445,23.558109283447266,0.23719833374023438,0.27094370126724243,34.375171661376946
379,0.15992652893066406,5.220448017120361,28.217966079711914,0.23041564941406237,0.3435872197151184,33.585243225097656
380,0.16196815490722657,5.616517066955566,27.49212074279785,0.22106773376464844,0.40394777059555054,36.070106506347656
381,0.1641584014892578,1.236541509628296,31.39558410644531,0.2096051788330078,0.023462673649191856,37.79765319824219
382,0.16428642272949218,1.02055823802948,33.03659820556641,0.19685287475585939,0.21181264519691467,39.912357330322266
383,0.1601124572753906,1.25167715549469,35.50999450683594,0.1875763702392578,1.0632086992263794,41.63585662841797
384,0.15458595275878906,4.995610237121582,32.4166259765625,0.18241310119628906,3.8701813220977774,41.032562255859375
385,0.1523674774169922,4.756695747375488,34.99216842651367,0.180523681640625,4.296329975128174,43.77857971191406
386,0.154918212890625,12.966102600097654,25.15336036682129,0.17918296813964843,5.109724998474121,43.878662109375
387,0.16291854858398438,11.016511917114258,34.9249267578125,0.17926246643066407,5.968605041503906,41.967689514160156
388,0.17333198547363282,9.797381401062012,33.21004867553711,0.18058280944824218,6.761524677276611,41.49009323120117
389,0.18072052001953126,15.787823677062988,32.93827438354492,0.1810944366455078,6.557255268096924,44.832515716552734
390,0.18925079345703125,21.355024337768555,27.51495742797852,0.18272735595703124,6.68023157119751,44.08251953125
391,0.19304847717285156,12.610246658325195,31.68773651123047,0.18509796142578125,24.06243705749512,38.34426879882813
392,0.19045349121093763,16.433832168579098,35.798038482666016,0.18888801574707045,8.473355293273926,39.123207092285156
393,0.1768036651611328,0.8543294072151184,35.401065826416016,0.19531394958496093,7.359882354736327,36.85669708251953
394,0.16216377258300782,0.8551102280616759,34.9921875,0.20241928100585938,7.469285488128662,34.50345230102539
395,0.14751655578613282,1.1308211088180542,38.24752807617188,0.20967224121093764,17.943124771118164,33.47501373291016
396,0.13464347839355484,4.403536319732666,28.28032302856445,0.21343162536621094,20.764240264892575,36.656681060791016
397,0.12796417236328125,2.0747313499450684,29.963171005249023,0.2063605499267578,19.60502052307129,32.53347396850586
398,0.12907394409179687,3.2784383296966557,36.87670516967773,0.20288833618164062,50.880897521972656,33.83404541015625
399,0.13538734436035157,5.925990581512451,34.281600952148445,0.22065841674804687,55.50947189331055,27.15668869018555
400,0.14106857299804687,7.280490398406982,35.29481506347656,0.27605712890625,52.71628952026367,28.50004768371582
401,0.14948234558105483,10.209826469421387,33.54126739501953,0.36176300048828125,73.11663055419922,28.8466854095459
402,0.15324623107910157,1.2051303386688232,33.05588531494141,0.4519453430175781,20.84943389892578,29.44146156311035
403,0.15465011596679687,0.74810791015625,39.90725708007813,0.4846562194824219,10.248017311096193,30.610065460205078
404,0.15394500732421876,0.7748695015907288,35.44326400756836,0.4837548828125,7.0139479637146,34.021472930908196
405,0.15087646484375,2.364682197570801,37.49280166625977,0.4612669372558594,13.069292068481445,33.855056762695305
406,0.14836959838867203,1.1948814392089844,37.2099494934082,0.4123237609863281,6.037247180938722,35.43505859375
407,0.14895164489746093,3.811535835266113,34.42440414428711,0.3653059387207028,6.136722087860107,36.85617065429688
408,0.15364822387695312,2.306848764419556,33.829845428466804,0.33013366699218777,1.2694739103317259,34.85010528564453
409,0.16196594238281237,12.615041732788086,26.874181747436523,0.30693328857421875,3.850577592849731,35.29019546508789
410,0.16989906311035155,3.061126232147217,27.26601982116699,0.2930589294433594,1.8454397916793823,35.35454559326172
411,0.18076683044433595,2.9627246856689453,29.82336616516113,0.278396453857422,0.38565152883529663,34.950145721435554
412,0.18957038879394517,3.1037828922271733,21.83016395568848,0.26123870849609376,0.0,31.01897430419922
413,0.199542236328125,4.065905570983887,24.93764495849609,0.24609199523925782,0.0,33.962188720703125
414,0.21165977478027342,6.2773027420043945,20.48348426818848,0.23438858032226562,0.2720715403556824,34.79293441772461
415,0.2263916015625,7.454192161560059,22.132692337036133,0.22417915344238282,0.3457730710506439,34.68016815185547
416,0.23532501220703125,6.896579265594482,26.43197822570801,0.21458831787109375,0.4071518182754517,37.75014877319336
417,0.2321331024169922,1.3710815906524658,25.72124099731445,0.20720588684082045,0.02474757470190525,38.407962799072266
418,0.21926666259765626,1.192955493927002,25.86335372924805,0.20053649902343765,0.22058770060539248,36.13685989379883
419,0.20224830627441406,1.3878631591796875,31.43276214599609,0.19510765075683595,1.0608955621719358,41.78677749633789
420,0.18658073425292954,6.445779323577881,32.483985900878906,0.19093353271484376,6.076735019683838,38.64570999145508
421,0.17625144958496095,6.38823938369751,32.75010299682617,0.18723648071289062,4.630671501159668,37.32006454467773
422,0.17527191162109376,8.729784965515138,32.937973022460945,0.185161590576172,4.56123161315918,43.07611846923828
423,0.1800690460205078,14.34268569946289,29.341142654418945,0.18431663513183594,6.935263633728027,41.24516677856445
424,0.18329666137695313,14.526334762573242,37.10735702514648,0.18502685546875,5.938089847564697,42.15680313110352
425,0.18147346496582045,36.1965217590332,38.29998397827149,0.18862625122070312,17.396623611450195,38.23400115966797
426,0.17680023193359376,9.16787815093994,37.944820404052734,0.19375740051269516,12.965326309204102,42.98325729370117
427,0.17113372802734375,9.123332023620604,38.161048889160156,0.19832923889160156,21.57034111022949,38.13009643554688
428,0.16568702697753906,5.334001541137695,39.41207504272461,0.20201446533203124,24.95394515991211,41.19279479980469
429,0.1601996612548828,1.3611692190170288,36.889991760253906,0.20315368652343765,6.183949947357178,38.45996856689453
430,0.15410301208496094,0.7995924353599548,38.63747024536133,0.20521072387695313,7.291793346405028,39.30721664428711
431,0.1456487274169922,1.0533782243728638,38.11332702636719,0.21263275146484376,19.767112731933594,32.28726577758789
432,0.13786941528320312,1.5661040544509888,38.90985107421875,0.22867805480957046,25.041473388671875,31.61003875732422
433,0.13262214660644517,1.4159868955612185,34.130062103271484,0.2556427764892578,53.9985237121582,29.15002632141113
434,0.13257415771484374,3.9108057022094727,30.90997695922852,0.29466445922851564,51.83295440673828,27.44147491455078
435,0.133618621826172,2.6930534839630127,35.26651382446289,0.3430462646484378,50.99965286254883,25.400066375732425
436,0.1343097686767578,2.853346109390259,37.53652572631836,0.40133621215820287,40.611907958984375,27.65006446838379
437,0.13053382873535158,2.7912158966064453,28.84853935241699,0.4657359313964844,93.054931640625,27.85005760192871
438,0.13044670104980483,1.5121119022369385,30.393543243408203,0.5168086242675781,31.353443145751953,27.259973526000977
439,0.1360205078125,1.2736414670944214,36.41676330566406,0.5371122741699219,16.343875885009766,30.244991302490234
440,0.14597587585449218,1.0225858688354492,36.02217483520508,0.524454345703125,5.768253803253174,35.07447052001953
441,0.15275207519531236,5.532687187194824,38.024173736572266,0.48017990112304687,24.61286544799805,32.02008438110352
442,0.15619880676269518,3.2522213459014893,37.401939392089844,0.43419235229492187,6.909011363983153,31.972412109375
443,0.1551581573486328,1.2748591899871826,37.18330001831055,0.38792129516601564,1.8745954036712649,33.658096313476555
444,0.15176116943359375,1.7937700748443604,32.342472076416016,0.3591726684570313,1.4798508882522583,35.16791534423828
445,0.14687576293945312,5.328610420227051,26.356874465942386,0.336190185546875,4.3375563621521005,31.25257110595703
446,0.15044464111328126,2.273005723953247,20.958885192871094,0.31731491088867214,1.684079885482788,32.570140838623054
447,0.15792526245117203,3.7111437320709233,23.52275657653809,0.2990287780761722,0.38565152883529663,32.50567626953125
448,0.16775474548339844,3.149192571640014,26.42331695556641,0.28619567871093776,0.0,32.947906494140625
449,0.1677716827392578,4.080222606658936,27.692028045654297,0.275621337890625,0.0,34.21018600463867
450,0.16548751831054687,5.074657440185547,26.092374801635746,0.264284210205078,0.2731401324272156,33.081249237060554
451,0.15776290893554687,5.004672050476074,21.35281753540039,0.24998100280761718,0.348215788602829,32.972671508789055
452,0.15232048034667955,5.971190452575684,31.48207092285156,0.236075439453125,0.4100225567817688,38.54766082763672
453,0.142791748046875,1.2365458011627195,34.307804107666016,0.22299865722656237,0.02361992374062538,38.93461227416992
454,0.13617004394531235,1.0205608606338499,31.17289161682129,0.21373985290527345,0.2104850709438324,38.31243133544922
455,0.1318830108642578,1.2516769170761108,35.45985412597656,0.20861999511718765,1.067352294921875,41.661563873291016
456,0.13007064819335937,5.183038711547852,35.544029235839844,0.207119140625,3.972935676574707,38.83007049560547
457,0.12947677612304687,5.0147976875305185,34.99753570556641,0.2051904296875,4.4952569007873535,41.887603759765625
458,0.1270354461669922,7.295808792114258,37.6497917175293,0.20242179870605484,4.812735080718994,41.64010238647461
459,0.12341835021972657,8.903142929077148,34.26746368408203,0.19507408142089844,6.524905204772949,40.841712951660156
460,0.12230583190917954,8.2476806640625,33.43874740600586,0.1881593322753906,6.882663249969482,40.43014144897461
461,0.12397926330566406,8.23271656036377,39.65392303466797,0.18173988342285155,8.068309783935549,45.19861602783203
462,0.13412643432617202,12.37032699584961,34.28725051879883,0.18498695373535157,16.499893188476562,40.2601318359375
463,0.15362731933593765,5.1664018630981445,37.87439346313477,0.19112457275390626,24.26650047302246,41.1856803894043
464,0.17248161315917954,9.952083587646484,32.34273910522461,0.19949493408203126,13.273700714111328,37.36146926879883
465,0.18098762512207045,3.628859281539917,39.2724838256836,0.2032502746582031,13.176387786865234,37.214439392089844
466,0.176221923828125,1.188576340675354,34.589920043945305,0.20563117980957046,9.867546081542967,35.6724853515625
467,0.17158554077148438,1.2240675687789917,38.637996673583984,0.21359680175781237,14.002132415771484,33.201255798339844
468,0.15746185302734375,1.5575405359268188,32.790218353271484,0.2298615264892578,33.15513229370117,34.55746078491211
469,0.14974266052246094,1.4078162908554075,34.24995803833008,0.25875694274902344,25.60575866699219,31.80996513366699
470,0.1437920379638672,2.1567215919494633,35.57754135131836,0.30341247558593776,58.18143081665039,32.128005981445305
471,0.14452537536621093,16.95833969116211,33.62987899780273,0.3627015686035156,49.81132888793945,27.255157470703125
472,0.14749549865722655,12.745698928833008,39.63003158569336,0.4227922058105469,78.2945785522461,30.667436599731445
473,0.15217193603515625,11.257081985473633,34.375778198242195,0.468785400390625,73.2691879272461,29.09504508972168
474,0.15284606933593764,1.1915708780288696,36.45000076293945,0.48086349487304686,24.04008483886719,32.829952239990234
475,0.15215484619140626,1.5418256521224976,35.96544647216797,0.47838653564453126,31.98136711120605,33.12143325805664
476,0.15052253723144518,0.5433287620544434,41.021156311035156,0.45837844848632814,8.712873458862305,37.1200065612793
477,0.14936096191406237,2.328130006790161,39.42333221435547,0.42744979858398435,9.412555694580078,36.46255111694336
478,0.14905670166015625,5.014519214630127,38.9799690246582,0.39807785034179716,2.277154922485352,35.23006057739258
479,0.15012687683105483,3.739140033721924,32.852371215820305,0.37797348022460936,8.767510414123535,33.99007797241211
480,0.15413528442382798,0.9823285341262816,32.338790893554695,0.36381820678710936,1.4802690744400024,33.710033416748054
481,0.15952186584472655,2.0887010097503658,28.043315887451172,0.3475950622558594,1.6013220548629759,33.24019241333008
482,0.1627973175048828,2.1836290359497066,28.22756767272949,0.3243829345703122,1.6733605861663818,33.605148315429695
483,0.16384353637695312,3.0043654441833496,24.560192108154297,0.3012437438964844,1.2333215475082395,31.06256866455078
484,0.16042549133300782,3.4477918148040767,20.236072540283203,0.2836036682128906,0.0,31.30574989318848
485,0.16369644165039063,5.145379543304443,18.19021224975586,0.27125892639160154,0.0,31.526124954223636
486,0.17276481628417956,7.4938530921936035,19.995155334472656,0.2611781311035156,0.27371010184288025,34.837657928466804
487,0.191229248046875,7.330958843231201,22.015121459960934,0.24628265380859374,0.3479107022285461,34.690113067626946
488,0.2090752410888672,6.917919635772705,20.630165100097656,0.23030296325683594,0.4097577333450317,35.034168243408196
489,0.22242004394531237,1.228235960006714,19.450510025024414,0.21526206970214845,0.023698272183537483,38.55017471313477
490,0.22790985107421874,1.013317346572876,31.138896942138672,0.20368782043457045,0.21118326485157013,38.06511306762695
491,0.22094764709472656,1.3742676973342896,31.34503746032715,0.19528709411621092,1.0727580785751345,40.52263641357422
492,0.208653564453125,4.983613014221191,33.847824096679695,0.19019325256347655,3.987987279891968,45.91679382324219
493,0.19281257629394516,5.2953033447265625,36.4499397277832,0.18832611083984374,8.20086669921875,41.0075798034668
494,0.18667755126953126,8.079620361328125,29.06405258178711,0.18620025634765625,4.70667839050293,45.84429550170898
495,0.1974591827392578,30.36709403991699,25.65498924255371,0.18635925292968764,8.770327568054201,38.34008026123047
496,0.22708732604980483,34.068798065185554,30.72510528564453,0.18956947326660156,7.125014781951903,41.6660270690918
497,0.2648558044433594,36.488224029541016,30.197498321533203,0.19825126647949218,8.368948936462402,35.82025909423828
498,0.299073486328125,24.16502952575684,28.51679801940918,0.21137702941894518,39.48497009277344,38.18989181518555
499,0.31032424926757785,5.901453495025635,34.98431396484375,0.22395767211914064,13.066110610961914,39.17337036132813
500,0.30065765380859377,5.987337589263916,33.311798095703125,0.2313361358642578,10.55107307434082,39.63749313354492
501,0.27196128845214845,3.6630055904388423,38.88999557495117,0.22666847229003906,8.123824119567871,42.6566276550293
502,0.23289794921875,1.5135941505432131,38.83269119262695,0.21452140808105483,16.179563522338867,36.418060302734375
503,0.19788558959960936,1.2294648885726929,35.101375579833984,0.2042095184326172,21.56670379638672,28.64148712158203
504,0.17774841308593764,2.525991201400757,32.854904174804695,0.19807106018066406,22.52313995361328,35.67999267578125
505,0.17531311035156236,2.5060160160064697,36.74997329711914,0.20947761535644516,36.43780899047852,29.14605712890625
506,0.18783195495605484,9.805557250976562,35.73487854003906,0.24490943908691407,116.02345275878906,28.56330490112305
507,0.19972564697265624,21.207868576049805,30.55498123168945,0.3006712341308594,40.44272232055664,29.41801834106445
508,0.20631904602050782,4.4983320236206055,31.265485763549805,0.3723948669433594,69.15316772460939,28.186697006225586
509,0.203447265625,6.196249008178711,33.70001983642578,0.4406712341308594,45.47347259521485,29.183359146118164
510,0.19655715942382798,1.2572414875030518,34.5069580078125,0.4851806640625,29.57467460632324,28.656652450561523
511,0.18871208190917954,0.5263497233390808,32.930038452148445,0.5055848693847657,12.847376823425293,30.94493865966797
512,0.18404151916503905,0.5818060040473938,39.009952545166016,0.5144683837890625,9.495895385742188,31.38727188110352
513,0.181283721923828,0.9097540974617004,38.26108169555664,0.4962904357910156,8.829485893249512,34.70561981201172
514,0.18216445922851562,1.009521245956421,39.60198593139648,0.4606634521484375,2.1809864044189453,35.278995513916016
515,0.18586799621582045,2.6477282047271733,35.18762588500977,0.4126193237304687,3.8911290168762207,33.93903350830078
516,0.19136291503906236,2.258077383041382,33.01852035522461,0.368714599609375,3.367185354232788,34.63458251953125
517,0.19825126647949218,2.5526626110076904,32.40750503540039,0.3382763671875,1.481027364730835,33.527511596679695
518,0.20694137573242202,10.983882904052734,26.71017837524414,0.3183935546875,1.5476549863815308,34.02573776245117
519,0.21458808898925782,3.0054509639739986,27.448013305664066,0.30483062744140627,0.38565152883529663,34.35678482055664
520,0.21996612548828126,3.2749760150909424,25.92717933654785,0.29404144287109374,0.0,33.55017852783203
521,0.218658447265625,4.075986385345459,28.822118759155273,0.28489822387695285,0.0,34.79816055297852
522,0.21030540466308595,5.200300693511963,27.532325744628906,0.26987586975097655,0.2618987560272217,36.59585189819336
523,0.19562995910644518,7.1348814964294425,27.532325744628906,0.2533782196044922,0.33289742469787603,36.59585189819336
524,0.17655174255371095,6.039725303649902,25.58793830871582,0.2372978973388672,0.3920755386352539,37.21002960205078
525,0.15930648803710937,3.8641104698181152,25.28558158874512,0.22558303833007798,0.02380945160984993,37.68794250488281
526,0.15098014831542955,5.8077006340026855,21.250226974487305,0.21777511596679688,0.21217405796051025,36.35020446777344
527,0.16041519165039062,4.232733249664307,17.250553131103516,0.21282325744628905,1.0777909755706787,38.767662048339844
528,0.18793464660644518,4.465728759765625,26.87451171875,0.20678802490234374,5.428882598876953,43.4101791381836
529,0.22979446411132798,4.529031276702881,31.193735122680664,0.20160743713378906,4.648460865020752,42.34496688842773
530,0.25325469970703124,5.7073283195495605,28.733949661254886,0.19669273376464844,4.82000732421875,41.77233123779297
531,0.2657202911376952,10.535377502441406,34.65444183349609,0.19341377258300782,7.089938640594482,42.98493576049805
532,0.26924949645996094,12.37936019897461,37.72005081176758,0.19169868469238283,6.4481868743896475,42.9071044921875
533,0.2675067901611328,40.27478408813477,38.99657440185547,0.18973815917968764,12.991377830505373,43.36999130249024
534,0.2733259582519531,6.46479082107544,32.812576293945305,0.20699508666992203,27.713115692138672,41.33295822143555
535,0.2769709777832031,21.566028594970703,28.355810165405273,0.2353644561767578,66.60804748535156,32.250152587890625
536,0.28494720458984374,13.281527519226074,32.239051818847656,0.27469429016113284,24.86725234985352,34.905601501464844
537,0.2784706115722656,2.0564227104187007,36.87446594238281,0.3041865539550778,14.30842113494873,34.170055389404304
538,0.25784950256347655,1.264359951019287,37.90806579589844,0.31180511474609374,6.898031234741211,37.66998672485352
539,0.2274607849121094,2.010420560836792,37.83237075805664,0.31373703002929715,18.30815887451172,30.363237380981445
540,0.19560867309570312,2.003836870193481,31.57009696960449,0.31720733642578125,28.554790496826172,29.32995796203613
541,0.17373474121093765,2.092692613601685,32.907039642333984,0.32577056884765626,31.376087188720703,29.20014572143555
542,0.16511222839355483,3.6458873748779297,34.04326629638672,0.3455393981933594,46.04270553588867,32.698619842529304
543,0.17015472412109375,3.803840160369873,29.658971786499023,0.3673191833496094,44.8829231262207,26.884389877319336
544,0.17165512084960938,10.646459579467773,33.23313522338867,0.3914642333984378,66.23240661621094,27.7700252532959
545,0.17275138854980482,9.981696128845217,32.99242401123047,0.4140776062011719,65.84624481201172,28.56340026855469
546,0.17498664855957047,1.2838795185089111,37.08320617675781,0.44588729858398435,26.381874084472656,28.73412132263184
547,0.17519485473632798,0.7702895402908325,40.56244659423828,0.4506640625,15.944907188415527,34.936553955078125
548,0.17533950805664061,1.1049634218215942,40.58983612060547,0.4377110290527344,9.954633712768556,34.395862579345696
549,0.1744220733642578,1.3606624603271484,42.469886779785156,0.4086817932128906,17.09438705444336,34.99904251098633
550,0.1732988739013672,1.0352425575256348,40.158538818359375,0.37502105712890627,6.061152935028076,38.267276763916016
551,0.17524871826171876,1.1467056274414062,37.70988464355469,0.35170181274414064,9.914902687072754,35.13679885864258
552,0.176405792236328,1.6856342554092407,33.03578948974609,0.33067520141601564,3.821293354034424,33.14768600463867
553,0.17503883361816405,1.1167272329330444,33.801040649414055,0.31199020385742215,1.5318526029586792,35.700157165527344
554,0.1742852020263672,3.307065725326538,25.04159545898437,0.2936149597167972,1.62164568901062,33.54795455932617
555,0.17552062988281236,3.018796443939209,26.805438995361328,0.2744184112548828,0.38565152883529663,33.174610137939446
556,0.17491081237792955,3.269248485565185,28.930072784423828,0.26122108459472654,0.0,32.98566436767578
557,0.17358741760253907,4.068524360656738,30.6391716003418,0.24928306579589843,0.0,33.87457656860352
558,0.17026550292968765,5.141808032989502,24.72355079650879,0.2396697235107422,0.26758012175560003,32.345672607421875
559,0.1663075256347656,5.2271409034729,30.68999099731445,0.23076423645019517,0.339935302734375,32.88791275024414
560,0.16073722839355484,6.9814696311950675,26.82591438293457,0.22057800292968766,1.012809157371521,34.46262359619141
561,0.15627998352050781,1.2528706789016724,33.04000473022461,0.21102561950683593,0.023745028302073482,35.810115814208984
562,0.152453155517578,1.0379009246826172,34.365596771240234,0.20332626342773438,0.21159996092319489,39.3834342956543
563,0.151146240234375,1.3105608224868774,28.93998908996582,0.19605613708496095,1.074874758720398,41.93011093139648
564,0.14862892150878906,8.756208419799805,34.894989013671875,0.19140754699707047,3.8278925418853764,41.06564331054688
565,0.145700225830078,9.109219551086426,34.463321685791016,0.18848976135253906,4.482661247253418,41.77006912231445
566,0.14453811645507797,5.620227336883545,39.89107894897461,0.18663772583007798,6.55943775177002,39.71350860595703
567,0.14633827209472655,20.879465103149414,32.76071929931641,0.18617561340332045,8.718175888061522,37.19637680053711
568,0.14965728759765626,24.71275520324707,27.387773513793945,0.18596771240234375,6.417727470397949,39.999996185302734
569,0.1668170928955078,10.593141555786133,28.58733367919922,0.18218597412109375,8.197089195251465,36.933006286621094
570,0.19284873962402344,7.457443714141847,37.459922790527344,0.17948097229003906,9.394023895263672,43.38003921508789
571,0.21410583496093763,7.201021194458008,37.38090133666992,0.17555740356445312,7.117900371551514,43.821144104003906
572,0.21802169799804688,9.221375465393066,37.40534973144531,0.173054656982422,27.36005401611328,37.95856475830078
573,0.20652259826660158,3.3719687461853027,37.20982360839844,0.17475425720214843,8.23673152923584,35.78153991699219
574,0.18792106628417954,2.9441957473754883,37.23997116088867,0.18322952270507797,17.770824432373047,30.715709686279297
575,0.16789634704589843,1.103529453277588,34.352798461914055,0.20270774841308595,39.23116683959961,26.0767879486084
576,0.15465560913085938,1.1992844343185425,36.003013610839844,0.23414443969726562,37.12685012817383,27.56995964050293
577,0.14837120056152345,1.1060744524002075,36.3876953125,0.27362243652343765,21.51041984558105,29.587482452392575
578,0.152078857421875,8.08251953125,36.49430465698242,0.31146453857421874,88.38365936279297,28.29006767272949
579,0.15943809509277343,5.304165840148926,32.84984970092773,0.34324676513671876,43.6305046081543,25.83004379272461
580,0.16879219055175781,6.250032901763916,34.882247924804695,0.37327850341796875,57.85050964355469,26.46494483947754
581,0.17906471252441405,2.4909534454345703,29.957542419433594,0.40319519042968777,49.57511520385742,28.39002227783203
582,0.18678985595703124,1.5821926593780518,38.11714553833008,0.42734298706054685,18.694913864135746,27.68340110778809
583,0.18594390869140626,1.0826174020767212,38.97195434570313,0.450849609375,28.994384765625,32.98004531860352
584,0.17967529296875,0.5425317287445068,38.199867248535156,0.43965194702148436,5.27089262008667,35.81449890136719
585,0.17549812316894517,5.331231594085693,39.58995056152344,0.4120402526855469,5.117928981781006,36.39504623413086
586,0.17821609497070312,10.662190437316896,37.51854705810547,0.37451629638671874,16.657583236694336,35.29011535644531
587,0.19024612426757798,26.951988220214844,26.47340965270996,0.34405960083007786,14.445764541625975,35.72340393066406
588,0.21319885253906234,7.449177265167236,24.50669288635254,0.32736083984375,6.3189802169799805,31.944398880004886
589,0.23934265136718763,5.589472770690918,24.95663452148437,0.31150375366210936,1.9883782863616943,34.93270874023437
590,0.264150390625,6.252534866333008,24.005544662475586,0.30039047241210937,2.1047806739807133,34.425098419189446
591,0.284627685546875,3.4603545665740967,21.658836364746094,0.2919923400878906,0.38565152883529663,33.61516571044922
592,0.30285232543945284,3.3236095905303955,22.832162857055664,0.28181121826171873,0.0,33.502574920654304
593,0.30869293212890625,4.1358423233032235,24.521831512451172,0.26879180908203126,0.0,32.94610977172852
594,0.3015238952636722,5.1437201499938965,26.65004730224609,0.2505632019042969,0.6125149130821228,35.80505752563477
595,0.2804966735839844,5.242783069610597,25.565170288085934,0.23409606933593763,0.33268025517463684,36.99905014038086
596,0.255048828125,6.153826713562013,26.47396850585937,0.220948486328125,0.3918197751045227,36.9661750793457
597,0.23260902404785155,1.4314889907836914,28.99897003173828,0.21331924438476563,0.023693161085247997,38.45515441894531
598,0.21567733764648436,1.1814534664154053,28.524736404418945,0.2074480438232422,0.21113769710063932,37.52130126953125
599,0.20340057373046874,2.1275382041931152,31.021942138671875,0.20190719604492202,1.0725265741348269,39.89006423950195
600,0.19524963378906235,4.789706230163574,29.099985122680664,0.19877082824707046,3.750171184539795,40.73928833007813
601,0.18731605529785156,4.717980861663818,29.21319961547852,0.19566833496093763,4.3760929107666025,42.41680145263672
602,0.17484840393066406,4.647750377655028,28.69461250305176,0.19135223388671874,5.1763014793396,44.61456680297852
603,0.17250526428222657,11.601034164428713,34.69408416748047,0.18541687011718763,5.70189905166626,45.19752883911133
604,0.17535293579101563,11.477886199951172,33.639904022216804,0.18169738769531235,6.247705936431885,41.84683227539063
605,0.18576622009277344,16.09653091430664,35.24327850341797,0.17973861694335938,7.746363162994385,39.78447341918945
